policy_name,policy_family,split,n,accuracy,macro_f1,coverage,accepted_accuracy,review_rate,helped,hurt,net_gain,switch_rate,error_capture_rate,correct_rejection_rate,threshold,target_class
dino_top1,dino_top1,train,182,0.9175824175824175,0.7766569217673318,1.0,0.9175824175824175,0.0,0,0,0,0.0,0.0,0.0,,
dino_top1,dino_top1,val,58,0.6551724137931034,0.6683501683501684,1.0,0.6551724137931034,0.0,0,0,0,0.0,0.0,0.0,,
top2_oracle,top2_oracle,train,182,0.9945054945054945,0.9874475460682358,1.0,0.9945054945054945,0.0,14,0,14,0.07692307692307693,0.9333333333333333,0.0,,
top2_oracle,top2_oracle,val,58,0.9827586206896551,0.9615668883961567,1.0,0.9827586206896551,0.0,19,0,19,0.3275862068965517,0.95,0.0,,
top3_oracle,top3_oracle,train,182,1.0,1.0,1.0,1.0,0.0,15,0,15,0.08241758241758242,1.0,0.0,,
top3_oracle,top3_oracle,val,58,1.0,1.0,1.0,1.0,0.0,20,0,20,0.3448275862068966,1.0,0.0,,
margin_review_t0.000,margin_review,train,182,0.9175824175824175,0.7766569217673318,1.0,0.9175824175824175,0.0,0,0,0,0.0,0.0,0.0,0.0,
margin_review_t0.000,margin_review,val,58,0.6551724137931034,0.6683501683501684,1.0,0.6551724137931034,0.0,0,0,0,0.0,0.0,0.0,0.0,
margin_switch_top2_t0.000,margin_switch_top2,train,182,0.9175824175824175,0.7766569217673318,1.0,0.9175824175824175,0.0,0,0,0,0.0,0.0,0.0,0.0,
margin_switch_top2_t0.000,margin_switch_top2,val,58,0.6551724137931034,0.6683501683501684,1.0,0.6551724137931034,0.0,0,0,0,0.0,0.0,0.0,0.0,
classwise_defect_broken_margin_review_t0.000,margin_review,train,182,0.9175824175824175,0.7766569217673318,1.0,0.9175824175824175,0.0,0,0,0,0.0,0.0,0.0,0.0,defect_broken
classwise_defect_broken_margin_review_t0.000,margin_review,val,58,0.6551724137931034,0.6683501683501684,1.0,0.6551724137931034,0.0,0,0,0,0.0,0.0,0.0,0.0,defect_broken
classwise_defect_broken_margin_switch_top2_t0.000,margin_switch_top2,train,182,0.9175824175824175,0.7766569217673318,1.0,0.9175824175824175,0.0,0,0,0,0.0,0.0,0.0,0.0,defect_broken
classwise_defect_broken_margin_switch_top2_t0.000,margin_switch_top2,val,58,0.6551724137931034,0.6683501683501684,1.0,0.6551724137931034,0.0,0,0,0,0.0,0.0,0.0,0.0,defect_broken
classwise_defect_flashover_margin_review_t0.000,margin_review,train,182,0.9175824175824175,0.7766569217673318,1.0,0.9175824175824175,0.0,0,0,0,0.0,0.0,0.0,0.0,defect_flashover
classwise_defect_flashover_margin_review_t0.000,margin_review,val,58,0.6551724137931034,0.6683501683501684,1.0,0.6551724137931034,0.0,0,0,0,0.0,0.0,0.0,0.0,defect_flashover
classwise_defect_flashover_margin_switch_top2_t0.000,margin_switch_top2,train,182,0.9175824175824175,0.7766569217673318,1.0,0.9175824175824175,0.0,0,0,0,0.0,0.0,0.0,0.0,defect_flashover
classwise_defect_flashover_margin_switch_top2_t0.000,margin_switch_top2,val,58,0.6551724137931034,0.6683501683501684,1.0,0.6551724137931034,0.0,0,0,0,0.0,0.0,0.0,0.0,defect_flashover
classwise_insulator_ok_margin_review_t0.000,margin_review,train,182,0.9175824175824175,0.7766569217673318,1.0,0.9175824175824175,0.0,0,0,0,0.0,0.0,0.0,0.0,insulator_ok
classwise_insulator_ok_margin_review_t0.000,margin_review,val,58,0.6551724137931034,0.6683501683501684,1.0,0.6551724137931034,0.0,0,0,0,0.0,0.0,0.0,0.0,insulator_ok
classwise_insulator_ok_margin_switch_top2_t0.000,margin_switch_top2,train,182,0.9175824175824175,0.7766569217673318,1.0,0.9175824175824175,0.0,0,0,0,0.0,0.0,0.0,0.0,insulator_ok
classwise_insulator_ok_margin_switch_top2_t0.000,margin_switch_top2,val,58,0.6551724137931034,0.6683501683501684,1.0,0.6551724137931034,0.0,0,0,0,0.0,0.0,0.0,0.0,insulator_ok
margin_review_t0.020,margin_review,train,182,0.9175824175824175,0.7766569217673318,1.0,0.9175824175824175,0.0,0,0,0,0.0,0.0,0.0,0.02,
margin_review_t0.020,margin_review,val,58,0.6551724137931034,0.6683501683501684,1.0,0.6551724137931034,0.0,0,0,0,0.0,0.0,0.0,0.02,
margin_switch_top2_t0.020,margin_switch_top2,train,182,0.9175824175824175,0.7766569217673318,1.0,0.9175824175824175,0.0,0,0,0,0.0,0.0,0.0,0.02,
margin_switch_top2_t0.020,margin_switch_top2,val,58,0.6551724137931034,0.6683501683501684,1.0,0.6551724137931034,0.0,0,0,0,0.0,0.0,0.0,0.02,
classwise_defect_broken_margin_review_t0.020,margin_review,train,182,0.9175824175824175,0.7766569217673318,1.0,0.9175824175824175,0.0,0,0,0,0.0,0.0,0.0,0.02,defect_broken
classwise_defect_broken_margin_review_t0.020,margin_review,val,58,0.6551724137931034,0.6683501683501684,1.0,0.6551724137931034,0.0,0,0,0,0.0,0.0,0.0,0.02,defect_broken
classwise_defect_broken_margin_switch_top2_t0.020,margin_switch_top2,train,182,0.9175824175824175,0.7766569217673318,1.0,0.9175824175824175,0.0,0,0,0,0.0,0.0,0.0,0.02,defect_broken
classwise_defect_broken_margin_switch_top2_t0.020,margin_switch_top2,val,58,0.6551724137931034,0.6683501683501684,1.0,0.6551724137931034,0.0,0,0,0,0.0,0.0,0.0,0.02,defect_broken
classwise_defect_flashover_margin_review_t0.020,margin_review,train,182,0.9175824175824175,0.7766569217673318,1.0,0.9175824175824175,0.0,0,0,0,0.0,0.0,0.0,0.02,defect_flashover
classwise_defect_flashover_margin_review_t0.020,margin_review,val,58,0.6551724137931034,0.6683501683501684,1.0,0.6551724137931034,0.0,0,0,0,0.0,0.0,0.0,0.02,defect_flashover
classwise_defect_flashover_margin_switch_top2_t0.020,margin_switch_top2,train,182,0.9175824175824175,0.7766569217673318,1.0,0.9175824175824175,0.0,0,0,0,0.0,0.0,0.0,0.02,defect_flashover
classwise_defect_flashover_margin_switch_top2_t0.020,margin_switch_top2,val,58,0.6551724137931034,0.6683501683501684,1.0,0.6551724137931034,0.0,0,0,0,0.0,0.0,0.0,0.02,defect_flashover
classwise_insulator_ok_margin_review_t0.020,margin_review,train,182,0.9175824175824175,0.7766569217673318,1.0,0.9175824175824175,0.0,0,0,0,0.0,0.0,0.0,0.02,insulator_ok
classwise_insulator_ok_margin_review_t0.020,margin_review,val,58,0.6551724137931034,0.6683501683501684,1.0,0.6551724137931034,0.0,0,0,0,0.0,0.0,0.0,0.02,insulator_ok
classwise_insulator_ok_margin_switch_top2_t0.020,margin_switch_top2,train,182,0.9175824175824175,0.7766569217673318,1.0,0.9175824175824175,0.0,0,0,0,0.0,0.0,0.0,0.02,insulator_ok
classwise_insulator_ok_margin_switch_top2_t0.020,margin_switch_top2,val,58,0.6551724137931034,0.6683501683501684,1.0,0.6551724137931034,0.0,0,0,0,0.0,0.0,0.0,0.02,insulator_ok
margin_review_t0.050,margin_review,train,182,0.9175824175824175,0.7766569217673318,1.0,0.9175824175824175,0.0,0,0,0,0.0,0.0,0.0,0.05,
margin_review_t0.050,margin_review,val,58,0.6206896551724138,0.6668185615554036,0.9482758620689655,0.6545454545454545,0.05172413793103448,1,2,-1,0.0,0.05,0.05263157894736842,0.05,
margin_switch_top2_t0.050,margin_switch_top2,train,182,0.9175824175824175,0.7766569217673318,1.0,0.9175824175824175,0.0,0,0,0,0.0,0.0,0.0,0.05,
margin_switch_top2_t0.050,margin_switch_top2,val,58,0.6379310344827587,0.6537506209637357,1.0,0.6379310344827587,0.0,1,2,-1,0.05172413793103448,0.05,0.0,0.05,
classwise_defect_broken_margin_review_t0.050,margin_review,train,182,0.9175824175824175,0.7766569217673318,1.0,0.9175824175824175,0.0,0,0,0,0.0,0.0,0.0,0.05,defect_broken
classwise_defect_broken_margin_review_t0.050,margin_review,val,58,0.6551724137931034,0.6683501683501684,1.0,0.6551724137931034,0.0,0,0,0,0.0,0.0,0.0,0.05,defect_broken
classwise_defect_broken_margin_switch_top2_t0.050,margin_switch_top2,train,182,0.9175824175824175,0.7766569217673318,1.0,0.9175824175824175,0.0,0,0,0,0.0,0.0,0.0,0.05,defect_broken
classwise_defect_broken_margin_switch_top2_t0.050,margin_switch_top2,val,58,0.6551724137931034,0.6683501683501684,1.0,0.6551724137931034,0.0,0,0,0,0.0,0.0,0.0,0.05,defect_broken
classwise_defect_flashover_margin_review_t0.050,margin_review,train,182,0.9175824175824175,0.7766569217673318,1.0,0.9175824175824175,0.0,0,0,0,0.0,0.0,0.0,0.05,defect_flashover
classwise_defect_flashover_margin_review_t0.050,margin_review,val,58,0.6379310344827587,0.6701885684936532,0.9655172413793104,0.6607142857142857,0.034482758620689655,1,1,0,0.0,0.05,0.02631578947368421,0.05,defect_flashover
classwise_defect_flashover_margin_switch_top2_t0.050,margin_switch_top2,train,182,0.9175824175824175,0.7766569217673318,1.0,0.9175824175824175,0.0,0,0,0,0.0,0.0,0.0,0.05,defect_flashover
classwise_defect_flashover_margin_switch_top2_t0.050,margin_switch_top2,val,58,0.6551724137931034,0.6650298938370957,1.0,0.6551724137931034,0.0,1,1,0,0.034482758620689655,0.05,0.0,0.05,defect_flashover
classwise_insulator_ok_margin_review_t0.050,margin_review,train,182,0.9175824175824175,0.7766569217673318,1.0,0.9175824175824175,0.0,0,0,0,0.0,0.0,0.0,0.05,insulator_ok
classwise_insulator_ok_margin_review_t0.050,margin_review,val,58,0.6379310344827587,0.6649018924880994,0.9827586206896551,0.6491228070175439,0.017241379310344827,0,1,-1,0.0,0.0,0.02631578947368421,0.05,insulator_ok
classwise_insulator_ok_margin_switch_top2_t0.050,margin_switch_top2,train,182,0.9175824175824175,0.7766569217673318,1.0,0.9175824175824175,0.0,0,0,0,0.0,0.0,0.0,0.05,insulator_ok
classwise_insulator_ok_margin_switch_top2_t0.050,margin_switch_top2,val,58,0.6379310344827587,0.6568187400906634,1.0,0.6379310344827587,0.0,0,1,-1,0.017241379310344827,0.0,0.0,0.05,insulator_ok
margin_review_t0.080,margin_review,train,182,0.9120879120879121,0.7683027028867971,0.9945054945054945,0.9171270718232044,0.005494505494505495,0,1,-1,0.0,0.0,0.005988023952095809,0.08,
margin_review_t0.080,margin_review,val,58,0.6206896551724138,0.6668185615554036,0.9482758620689655,0.6545454545454545,0.05172413793103448,1,2,-1,0.0,0.05,0.05263157894736842,0.08,
margin_switch_top2_t0.080,margin_switch_top2,train,182,0.9120879120879121,0.7484246602017369,1.0,0.9120879120879121,0.0,0,1,-1,0.005494505494505495,0.0,0.0,0.08,
margin_switch_top2_t0.080,margin_switch_top2,val,58,0.6379310344827587,0.6537506209637357,1.0,0.6379310344827587,0.0,1,2,-1,0.05172413793103448,0.05,0.0,0.08,
classwise_defect_broken_margin_review_t0.080,margin_review,train,182,0.9175824175824175,0.7766569217673318,1.0,0.9175824175824175,0.0,0,0,0,0.0,0.0,0.0,0.08,defect_broken
classwise_defect_broken_margin_review_t0.080,margin_review,val,58,0.6551724137931034,0.6683501683501684,1.0,0.6551724137931034,0.0,0,0,0,0.0,0.0,0.0,0.08,defect_broken
classwise_defect_broken_margin_switch_top2_t0.080,margin_switch_top2,train,182,0.9175824175824175,0.7766569217673318,1.0,0.9175824175824175,0.0,0,0,0,0.0,0.0,0.0,0.08,defect_broken
classwise_defect_broken_margin_switch_top2_t0.080,margin_switch_top2,val,58,0.6551724137931034,0.6683501683501684,1.0,0.6551724137931034,0.0,0,0,0,0.0,0.0,0.0,0.08,defect_broken
classwise_defect_flashover_margin_review_t0.080,margin_review,train,182,0.9120879120879121,0.7683027028867971,0.9945054945054945,0.9171270718232044,0.005494505494505495,0,1,-1,0.0,0.0,0.005988023952095809,0.08,defect_flashover
classwise_defect_flashover_margin_review_t0.080,margin_review,val,58,0.6379310344827587,0.6701885684936532,0.9655172413793104,0.6607142857142857,0.034482758620689655,1,1,0,0.0,0.05,0.02631578947368421,0.08,defect_flashover
classwise_defect_flashover_margin_switch_top2_t0.080,margin_switch_top2,train,182,0.9120879120879121,0.7484246602017369,1.0,0.9120879120879121,0.0,0,1,-1,0.005494505494505495,0.0,0.0,0.08,defect_flashover
classwise_defect_flashover_margin_switch_top2_t0.080,margin_switch_top2,val,58,0.6551724137931034,0.6650298938370957,1.0,0.6551724137931034,0.0,1,1,0,0.034482758620689655,0.05,0.0,0.08,defect_flashover
classwise_insulator_ok_margin_review_t0.080,margin_review,train,182,0.9175824175824175,0.7766569217673318,1.0,0.9175824175824175,0.0,0,0,0,0.0,0.0,0.0,0.08,insulator_ok
classwise_insulator_ok_margin_review_t0.080,margin_review,val,58,0.6379310344827587,0.6649018924880994,0.9827586206896551,0.6491228070175439,0.017241379310344827,0,1,-1,0.0,0.0,0.02631578947368421,0.08,insulator_ok
classwise_insulator_ok_margin_switch_top2_t0.080,margin_switch_top2,train,182,0.9175824175824175,0.7766569217673318,1.0,0.9175824175824175,0.0,0,0,0,0.0,0.0,0.0,0.08,insulator_ok
classwise_insulator_ok_margin_switch_top2_t0.080,margin_switch_top2,val,58,0.6379310344827587,0.6568187400906634,1.0,0.6379310344827587,0.0,0,1,-1,0.017241379310344827,0.0,0.0,0.08,insulator_ok
margin_review_t0.100,margin_review,train,182,0.9010989010989011,0.7735995427078229,0.978021978021978,0.9213483146067416,0.02197802197802198,1,3,-2,0.0,0.06666666666666667,0.017964071856287425,0.1,
margin_review_t0.100,margin_review,val,58,0.6206896551724138,0.6756414317389927,0.9310344827586207,0.6666666666666666,0.06896551724137931,2,2,0,0.0,0.1,0.05263157894736842,0.1,
margin_switch_top2_t0.100,margin_switch_top2,train,182,0.9065934065934066,0.7402652200120553,1.0,0.9065934065934066,0.0,1,3,-2,0.02197802197802198,0.06666666666666667,0.0,0.1,
margin_switch_top2_t0.100,margin_switch_top2,val,58,0.6551724137931034,0.6650298938370957,1.0,0.6551724137931034,0.0,2,2,0,0.06896551724137931,0.1,0.0,0.1,
classwise_defect_broken_margin_review_t0.100,margin_review,train,182,0.9175824175824175,0.7766569217673318,1.0,0.9175824175824175,0.0,0,0,0,0.0,0.0,0.0,0.1,defect_broken
classwise_defect_broken_margin_review_t0.100,margin_review,val,58,0.6551724137931034,0.6683501683501684,1.0,0.6551724137931034,0.0,0,0,0,0.0,0.0,0.0,0.1,defect_broken
classwise_defect_broken_margin_switch_top2_t0.100,margin_switch_top2,train,182,0.9175824175824175,0.7766569217673318,1.0,0.9175824175824175,0.0,0,0,0,0.0,0.0,0.0,0.1,defect_broken
classwise_defect_broken_margin_switch_top2_t0.100,margin_switch_top2,val,58,0.6551724137931034,0.6683501683501684,1.0,0.6551724137931034,0.0,0,0,0,0.0,0.0,0.0,0.1,defect_broken
classwise_defect_flashover_margin_review_t0.100,margin_review,train,182,0.9065934065934066,0.7579827854461367,0.989010989010989,0.9166666666666666,0.01098901098901099,0,2,-2,0.0,0.0,0.011976047904191617,0.1,defect_flashover
classwise_defect_flashover_margin_review_t0.100,margin_review,val,58,0.6379310344827587,0.6789255039885821,0.9482758620689655,0.6727272727272727,0.05172413793103448,2,1,1,0.0,0.1,0.02631578947368421,0.1,defect_flashover
classwise_defect_flashover_margin_switch_top2_t0.100,margin_switch_top2,train,182,0.9065934065934066,0.7246190248507363,1.0,0.9065934065934066,0.0,0,2,-2,0.01098901098901099,0.0,0.0,0.1,defect_flashover
classwise_defect_flashover_margin_switch_top2_t0.100,margin_switch_top2,val,58,0.6724137931034483,0.6762866762866763,1.0,0.6724137931034483,0.0,2,1,1,0.05172413793103448,0.1,0.0,0.1,defect_flashover
classwise_insulator_ok_margin_review_t0.100,margin_review,train,182,0.9120879120879121,0.7902662093744897,0.989010989010989,0.9222222222222223,0.01098901098901099,1,1,0,0.0,0.06666666666666667,0.005988023952095809,0.1,insulator_ok
classwise_insulator_ok_margin_review_t0.100,margin_review,val,58,0.6379310344827587,0.6649018924880994,0.9827586206896551,0.6491228070175439,0.017241379310344827,0,1,-1,0.0,0.0,0.02631578947368421,0.1,insulator_ok
classwise_insulator_ok_margin_switch_top2_t0.100,margin_switch_top2,train,182,0.9175824175824175,0.7877184543851211,1.0,0.9175824175824175,0.0,1,1,0,0.01098901098901099,0.06666666666666667,0.0,0.1,insulator_ok
classwise_insulator_ok_margin_switch_top2_t0.100,margin_switch_top2,val,58,0.6379310344827587,0.6568187400906634,1.0,0.6379310344827587,0.0,0,1,-1,0.017241379310344827,0.0,0.0,0.1,insulator_ok
margin_review_t0.150,margin_review,train,182,0.8956043956043956,0.7911946574325995,0.967032967032967,0.9261363636363636,0.03296703296703297,2,4,-2,0.0,0.13333333333333333,0.023952095808383235,0.15,
margin_review_t0.150,margin_review,val,58,0.603448275862069,0.6721140948783225,0.9137931034482759,0.660377358490566,0.08620689655172414,2,3,-1,0.0,0.1,0.07894736842105263,0.15,
margin_switch_top2_t0.150,margin_switch_top2,train,182,0.9065934065934066,0.7459777772672623,1.0,0.9065934065934066,0.0,2,4,-2,0.03296703296703297,0.13333333333333333,0.0,0.15,
margin_switch_top2_t0.150,margin_switch_top2,val,58,0.6379310344827587,0.6537506209637357,1.0,0.6379310344827587,0.0,2,3,-1,0.08620689655172414,0.1,0.0,0.15,
classwise_defect_broken_margin_review_t0.150,margin_review,train,182,0.9175824175824175,0.7766569217673318,1.0,0.9175824175824175,0.0,0,0,0,0.0,0.0,0.0,0.15,defect_broken
classwise_defect_broken_margin_review_t0.150,margin_review,val,58,0.6551724137931034,0.6683501683501684,1.0,0.6551724137931034,0.0,0,0,0,0.0,0.0,0.0,0.15,defect_broken
classwise_defect_broken_margin_switch_top2_t0.150,margin_switch_top2,train,182,0.9175824175824175,0.7766569217673318,1.0,0.9175824175824175,0.0,0,0,0,0.0,0.0,0.0,0.15,defect_broken
classwise_defect_broken_margin_switch_top2_t0.150,margin_switch_top2,val,58,0.6551724137931034,0.6683501683501684,1.0,0.6551724137931034,0.0,0,0,0,0.0,0.0,0.0,0.15,defect_broken
classwise_defect_flashover_margin_review_t0.150,margin_review,train,182,0.9065934065934066,0.773693605972087,0.9835164835164835,0.9217877094972067,0.016483516483516484,1,2,-1,0.0,0.06666666666666667,0.011976047904191617,0.15,defect_flashover
classwise_defect_flashover_margin_review_t0.150,margin_review,val,58,0.6379310344827587,0.6789255039885821,0.9482758620689655,0.6727272727272727,0.05172413793103448,2,1,1,0.0,0.1,0.02631578947368421,0.15,defect_flashover
classwise_defect_flashover_margin_switch_top2_t0.150,margin_switch_top2,train,182,0.9120879120879121,0.7374124385618638,1.0,0.9120879120879121,0.0,1,2,-1,0.016483516483516484,0.06666666666666667,0.0,0.15,defect_flashover
classwise_defect_flashover_margin_switch_top2_t0.150,margin_switch_top2,val,58,0.6724137931034483,0.6762866762866763,1.0,0.6724137931034483,0.0,2,1,1,0.05172413793103448,0.1,0.0,0.15,defect_flashover
classwise_insulator_ok_margin_review_t0.150,margin_review,train,182,0.9065934065934066,0.7901709401709401,0.9835164835164835,0.9217877094972067,0.016483516483516484,1,2,-1,0.0,0.06666666666666667,0.011976047904191617,0.15,insulator_ok
classwise_insulator_ok_margin_review_t0.150,margin_review,val,58,0.6206896551724138,0.6612073112073112,0.9655172413793104,0.6428571428571429,0.034482758620689655,0,2,-2,0.0,0.0,0.05263157894736842,0.15,insulator_ok
classwise_insulator_ok_margin_switch_top2_t0.150,margin_switch_top2,train,182,0.9120879120879121,0.7795516585325503,1.0,0.9120879120879121,0.0,1,2,-1,0.016483516483516484,0.06666666666666667,0.0,0.15,insulator_ok
classwise_insulator_ok_margin_switch_top2_t0.150,margin_switch_top2,val,58,0.6206896551724138,0.645212210142511,1.0,0.6206896551724138,0.0,0,2,-2,0.034482758620689655,0.0,0.0,0.15,insulator_ok
margin_review_t0.168,margin_review,train,182,0.8956043956043956,0.7911946574325995,0.967032967032967,0.9261363636363636,0.03296703296703297,2,4,-2,0.0,0.13333333333333333,0.023952095808383235,0.16808,
margin_review_t0.168,margin_review,val,58,0.603448275862069,0.6814179531160662,0.896551724137931,0.6730769230769231,0.10344827586206896,3,3,0,0.0,0.15,0.07894736842105263,0.16808,
margin_switch_top2_t0.168,margin_switch_top2,train,182,0.9065934065934066,0.7459777772672623,1.0,0.9065934065934066,0.0,2,4,-2,0.03296703296703297,0.13333333333333333,0.0,0.16808,
margin_switch_top2_t0.168,margin_switch_top2,val,58,0.6551724137931034,0.6683501683501684,1.0,0.6551724137931034,0.0,3,3,0,0.10344827586206896,0.15,0.0,0.16808,
classwise_defect_broken_margin_review_t0.168,margin_review,train,182,0.9175824175824175,0.7766569217673318,1.0,0.9175824175824175,0.0,0,0,0,0.0,0.0,0.0,0.16808,defect_broken
classwise_defect_broken_margin_review_t0.168,margin_review,val,58,0.6551724137931034,0.6683501683501684,1.0,0.6551724137931034,0.0,0,0,0,0.0,0.0,0.0,0.16808,defect_broken
classwise_defect_broken_margin_switch_top2_t0.168,margin_switch_top2,train,182,0.9175824175824175,0.7766569217673318,1.0,0.9175824175824175,0.0,0,0,0,0.0,0.0,0.0,0.16808,defect_broken
classwise_defect_broken_margin_switch_top2_t0.168,margin_switch_top2,val,58,0.6551724137931034,0.6683501683501684,1.0,0.6551724137931034,0.0,0,0,0,0.0,0.0,0.0,0.16808,defect_broken
classwise_defect_flashover_margin_review_t0.168,margin_review,train,182,0.9065934065934066,0.773693605972087,0.9835164835164835,0.9217877094972067,0.016483516483516484,1,2,-1,0.0,0.06666666666666667,0.011976047904191617,0.16808,defect_flashover
classwise_defect_flashover_margin_review_t0.168,margin_review,val,58,0.6379310344827587,0.6789255039885821,0.9482758620689655,0.6727272727272727,0.05172413793103448,2,1,1,0.0,0.1,0.02631578947368421,0.16808,defect_flashover
classwise_defect_flashover_margin_switch_top2_t0.168,margin_switch_top2,train,182,0.9120879120879121,0.7374124385618638,1.0,0.9120879120879121,0.0,1,2,-1,0.016483516483516484,0.06666666666666667,0.0,0.16808,defect_flashover
classwise_defect_flashover_margin_switch_top2_t0.168,margin_switch_top2,val,58,0.6724137931034483,0.6762866762866763,1.0,0.6724137931034483,0.0,2,1,1,0.05172413793103448,0.1,0.0,0.16808,defect_flashover
classwise_insulator_ok_margin_review_t0.168,margin_review,train,182,0.9065934065934066,0.7901709401709401,0.9835164835164835,0.9217877094972067,0.016483516483516484,1,2,-1,0.0,0.06666666666666667,0.011976047904191617,0.16808,insulator_ok
classwise_insulator_ok_margin_review_t0.168,margin_review,val,58,0.6206896551724138,0.6696969696969698,0.9482758620689655,0.6545454545454545,0.05172413793103448,1,2,-1,0.0,0.05,0.05263157894736842,0.16808,insulator_ok
classwise_insulator_ok_margin_switch_top2_t0.168,margin_switch_top2,train,182,0.9120879120879121,0.7795516585325503,1.0,0.9120879120879121,0.0,1,2,-1,0.016483516483516484,0.06666666666666667,0.0,0.16808,insulator_ok
classwise_insulator_ok_margin_switch_top2_t0.168,margin_switch_top2,val,58,0.6379310344827587,0.6590909090909091,1.0,0.6379310344827587,0.0,1,2,-1,0.05172413793103448,0.05,0.0,0.16808,insulator_ok
margin_review_t0.200,margin_review,train,182,0.8901098901098901,0.7901736972704715,0.9560439560439561,0.9310344827586207,0.04395604395604396,3,5,-2,0.0,0.2,0.029940119760479042,0.2,
margin_review_t0.200,margin_review,val,58,0.5862068965517241,0.6875524475524476,0.8620689655172413,0.68,0.13793103448275862,4,4,0,0.0,0.2,0.10526315789473684,0.2,
margin_switch_top2_t0.200,margin_switch_top2,train,182,0.9065934065934066,0.7292602575621444,1.0,0.9065934065934066,0.0,3,5,-2,0.04395604395604396,0.2,0.0,0.2,
margin_switch_top2_t0.200,margin_switch_top2,val,58,0.6551724137931034,0.6683501683501684,1.0,0.6551724137931034,0.0,4,4,0,0.13793103448275862,0.2,0.0,0.2,
classwise_defect_broken_margin_review_t0.200,margin_review,train,182,0.9175824175824175,0.7858669881454693,0.9945054945054945,0.9226519337016574,0.005494505494505495,1,0,1,0.0,0.06666666666666667,0.0,0.2,defect_broken
classwise_defect_broken_margin_review_t0.200,margin_review,val,58,0.6551724137931034,0.6683501683501684,1.0,0.6551724137931034,0.0,0,0,0,0.0,0.0,0.0,0.2,defect_broken
classwise_defect_broken_margin_switch_top2_t0.200,margin_switch_top2,train,182,0.9230769230769231,0.7859598682240193,1.0,0.9230769230769231,0.0,1,0,1,0.005494505494505495,0.06666666666666667,0.0,0.2,defect_broken
classwise_defect_broken_margin_switch_top2_t0.200,margin_switch_top2,val,58,0.6551724137931034,0.6683501683501684,1.0,0.6551724137931034,0.0,0,0,0,0.0,0.0,0.0,0.2,defect_broken
classwise_defect_flashover_margin_review_t0.200,margin_review,train,182,0.9010989010989011,0.7617888440673252,0.978021978021978,0.9213483146067416,0.02197802197802198,1,3,-2,0.0,0.06666666666666667,0.017964071856287425,0.2,defect_flashover
classwise_defect_flashover_margin_review_t0.200,margin_review,val,58,0.6379310344827587,0.6880382775119617,0.9310344827586207,0.6851851851851852,0.06896551724137931,3,1,2,0.0,0.15,0.02631578947368421,0.2,defect_flashover
classwise_defect_flashover_margin_switch_top2_t0.200,margin_switch_top2,train,182,0.9065934065934066,0.7102759622367465,1.0,0.9065934065934066,0.0,1,3,-2,0.02197802197802198,0.06666666666666667,0.0,0.2,defect_flashover
classwise_defect_flashover_margin_switch_top2_t0.200,margin_switch_top2,val,58,0.6896551724137931,0.6875461936437546,1.0,0.6896551724137931,0.0,3,1,2,0.06896551724137931,0.15,0.0,0.2,defect_flashover
classwise_insulator_ok_margin_review_t0.200,margin_review,train,182,0.9065934065934066,0.7901709401709401,0.9835164835164835,0.9217877094972067,0.016483516483516484,1,2,-1,0.0,0.06666666666666667,0.011976047904191617,0.2,insulator_ok
classwise_insulator_ok_margin_review_t0.200,margin_review,val,58,0.603448275862069,0.665809033733562,0.9310344827586207,0.6481481481481481,0.06896551724137931,1,3,-2,0.0,0.05,0.07894736842105263,0.2,insulator_ok
classwise_insulator_ok_margin_switch_top2_t0.200,margin_switch_top2,train,182,0.9120879120879121,0.7795516585325503,1.0,0.9120879120879121,0.0,1,2,-1,0.016483516483516484,0.06666666666666667,0.0,0.2,insulator_ok
classwise_insulator_ok_margin_switch_top2_t0.200,margin_switch_top2,val,58,0.6206896551724138,0.6471861471861472,1.0,0.6206896551724138,0.0,1,3,-2,0.06896551724137931,0.05,0.0,0.2,insulator_ok
margin_review_t0.250,margin_review,train,182,0.8846153846153846,0.7900899100899101,0.9505494505494505,0.930635838150289,0.04945054945054945,3,6,-3,0.0,0.2,0.03592814371257485,0.25,
margin_review_t0.250,margin_review,val,58,0.5344827586206896,0.6855086977485998,0.7931034482758621,0.6739130434782609,0.20689655172413793,5,7,-2,0.0,0.25,0.18421052631578946,0.25,
margin_switch_top2_t0.250,margin_switch_top2,train,182,0.9010989010989011,0.7164599195148754,1.0,0.9010989010989011,0.0,3,6,-3,0.04945054945054945,0.2,0.0,0.25,
margin_switch_top2_t0.250,margin_switch_top2,val,58,0.6206896551724138,0.6290188239213726,1.0,0.6206896551724138,0.0,5,7,-2,0.20689655172413793,0.25,0.0,0.25,
classwise_defect_broken_margin_review_t0.250,margin_review,train,182,0.9175824175824175,0.7858669881454693,0.9945054945054945,0.9226519337016574,0.005494505494505495,1,0,1,0.0,0.06666666666666667,0.0,0.25,defect_broken
classwise_defect_broken_margin_review_t0.250,margin_review,val,58,0.6551724137931034,0.6683501683501684,1.0,0.6551724137931034,0.0,0,0,0,0.0,0.0,0.0,0.25,defect_broken
classwise_defect_broken_margin_switch_top2_t0.250,margin_switch_top2,train,182,0.9230769230769231,0.7859598682240193,1.0,0.9230769230769231,0.0,1,0,1,0.005494505494505495,0.06666666666666667,0.0,0.25,defect_broken
classwise_defect_broken_margin_switch_top2_t0.250,margin_switch_top2,val,58,0.6551724137931034,0.6683501683501684,1.0,0.6551724137931034,0.0,0,0,0,0.0,0.0,0.0,0.25,defect_broken
classwise_defect_flashover_margin_review_t0.250,margin_review,train,182,0.9010989010989011,0.7617888440673252,0.978021978021978,0.9213483146067416,0.02197802197802198,1,3,-2,0.0,0.06666666666666667,0.017964071856287425,0.25,defect_flashover
classwise_defect_flashover_margin_review_t0.250,margin_review,val,58,0.6379310344827587,0.6975524475524475,0.9137931034482759,0.6981132075471698,0.08620689655172414,4,1,3,0.0,0.2,0.02631578947368421,0.25,defect_flashover
classwise_defect_flashover_margin_switch_top2_t0.250,margin_switch_top2,train,182,0.9065934065934066,0.7102759622367465,1.0,0.9065934065934066,0.0,1,3,-2,0.02197802197802198,0.06666666666666667,0.0,0.25,defect_flashover
classwise_defect_flashover_margin_switch_top2_t0.250,margin_switch_top2,val,58,0.7068965517241379,0.6988344988344988,1.0,0.7068965517241379,0.0,4,1,3,0.08620689655172414,0.2,0.0,0.25,defect_flashover
classwise_insulator_ok_margin_review_t0.250,margin_review,train,182,0.9010989010989011,0.790074441687345,0.978021978021978,0.9213483146067416,0.02197802197802198,1,3,-2,0.0,0.06666666666666667,0.017964071856287425,0.25,insulator_ok
classwise_insulator_ok_margin_review_t0.250,margin_review,val,58,0.5517241379310345,0.6521598968407479,0.8793103448275862,0.6274509803921569,0.1206896551724138,1,6,-5,0.0,0.05,0.15789473684210525,0.25,insulator_ok
classwise_insulator_ok_margin_switch_top2_t0.250,margin_switch_top2,train,182,0.9065934065934066,0.7665747226797373,1.0,0.9065934065934066,0.0,1,3,-2,0.02197802197802198,0.06666666666666667,0.0,0.25,insulator_ok
classwise_insulator_ok_margin_switch_top2_t0.250,margin_switch_top2,val,58,0.5689655172413793,0.5939080034529535,1.0,0.5689655172413793,0.0,1,6,-5,0.1206896551724138,0.05,0.0,0.25,insulator_ok
margin_review_t0.289,margin_review,train,182,0.8846153846153846,0.7900899100899101,0.9505494505494505,0.930635838150289,0.04945054945054945,3,6,-3,0.0,0.2,0.03592814371257485,0.28935,
margin_review_t0.289,margin_review,val,58,0.5,0.6852813852813853,0.7413793103448276,0.6744186046511628,0.25862068965517243,6,9,-3,0.0,0.3,0.23684210526315788,0.28935,
margin_switch_top2_t0.289,margin_switch_top2,train,182,0.9010989010989011,0.7164599195148754,1.0,0.9010989010989011,0.0,3,6,-3,0.04945054945054945,0.2,0.0,0.28935,
margin_switch_top2_t0.289,margin_switch_top2,val,58,0.603448275862069,0.6146892655367231,1.0,0.603448275862069,0.0,6,9,-3,0.25862068965517243,0.3,0.0,0.28935,
classwise_defect_broken_margin_review_t0.289,margin_review,train,182,0.9175824175824175,0.7858669881454693,0.9945054945054945,0.9226519337016574,0.005494505494505495,1,0,1,0.0,0.06666666666666667,0.0,0.28935,defect_broken
classwise_defect_broken_margin_review_t0.289,margin_review,val,58,0.6551724137931034,0.6683501683501684,1.0,0.6551724137931034,0.0,0,0,0,0.0,0.0,0.0,0.28935,defect_broken
classwise_defect_broken_margin_switch_top2_t0.289,margin_switch_top2,train,182,0.9230769230769231,0.7859598682240193,1.0,0.9230769230769231,0.0,1,0,1,0.005494505494505495,0.06666666666666667,0.0,0.28935,defect_broken
classwise_defect_broken_margin_switch_top2_t0.289,margin_switch_top2,val,58,0.6551724137931034,0.6683501683501684,1.0,0.6551724137931034,0.0,0,0,0,0.0,0.0,0.0,0.28935,defect_broken
classwise_defect_flashover_margin_review_t0.289,margin_review,train,182,0.9010989010989011,0.7617888440673252,0.978021978021978,0.9213483146067416,0.02197802197802198,1,3,-2,0.0,0.06666666666666667,0.017964071856287425,0.28935,defect_flashover
classwise_defect_flashover_margin_review_t0.289,margin_review,val,58,0.6206896551724138,0.7006734006734007,0.8793103448275862,0.7058823529411765,0.1206896551724138,5,2,3,0.0,0.25,0.05263157894736842,0.28935,defect_flashover
classwise_defect_flashover_margin_switch_top2_t0.289,margin_switch_top2,train,182,0.9065934065934066,0.7102759622367465,1.0,0.9065934065934066,0.0,1,3,-2,0.02197802197802198,0.06666666666666667,0.0,0.28935,defect_flashover
classwise_defect_flashover_margin_switch_top2_t0.289,margin_switch_top2,val,58,0.7068965517241379,0.6941131662262849,1.0,0.7068965517241379,0.0,5,2,3,0.1206896551724138,0.25,0.0,0.28935,defect_flashover
classwise_insulator_ok_margin_review_t0.289,margin_review,train,182,0.9010989010989011,0.790074441687345,0.978021978021978,0.9213483146067416,0.02197802197802198,1,3,-2,0.0,0.06666666666666667,0.017964071856287425,0.28935,insulator_ok
classwise_insulator_ok_margin_review_t0.289,margin_review,val,58,0.5344827586206896,0.6468013468013468,0.8620689655172413,0.62,0.13793103448275862,1,7,-6,0.0,0.05,0.18421052631578946,0.28935,insulator_ok
classwise_insulator_ok_margin_switch_top2_t0.289,margin_switch_top2,train,182,0.9065934065934066,0.7665747226797373,1.0,0.9065934065934066,0.0,1,3,-2,0.02197802197802198,0.06666666666666667,0.0,0.28935,insulator_ok
classwise_insulator_ok_margin_switch_top2_t0.289,margin_switch_top2,val,58,0.5517241379310345,0.5811965811965812,1.0,0.5517241379310345,0.0,1,7,-6,0.13793103448275862,0.05,0.0,0.28935,insulator_ok
margin_review_t0.300,margin_review,train,182,0.8846153846153846,0.8000222723349758,0.945054945054945,0.936046511627907,0.054945054945054944,4,6,-2,0.0,0.26666666666666666,0.03592814371257485,0.3,
margin_review_t0.300,margin_review,val,58,0.5,0.710260499734184,0.7068965517241379,0.7073170731707317,0.29310344827586204,8,9,-1,0.0,0.4,0.23684210526315788,0.3,
margin_switch_top2_t0.300,margin_switch_top2,train,182,0.9065934065934066,0.7338785637161432,1.0,0.9065934065934066,0.0,4,6,-2,0.054945054945054944,0.26666666666666666,0.0,0.3,
margin_switch_top2_t0.300,margin_switch_top2,val,58,0.6379310344827587,0.6377769305714406,1.0,0.6379310344827587,0.0,8,9,-1,0.29310344827586204,0.4,0.0,0.3,
classwise_defect_broken_margin_review_t0.300,margin_review,train,182,0.9175824175824175,0.7858669881454693,0.9945054945054945,0.9226519337016574,0.005494505494505495,1,0,1,0.0,0.06666666666666667,0.0,0.3,defect_broken
classwise_defect_broken_margin_review_t0.300,margin_review,val,58,0.6551724137931034,0.6683501683501684,1.0,0.6551724137931034,0.0,0,0,0,0.0,0.0,0.0,0.3,defect_broken
classwise_defect_broken_margin_switch_top2_t0.300,margin_switch_top2,train,182,0.9230769230769231,0.7859598682240193,1.0,0.9230769230769231,0.0,1,0,1,0.005494505494505495,0.06666666666666667,0.0,0.3,defect_broken
classwise_defect_broken_margin_switch_top2_t0.300,margin_switch_top2,val,58,0.6551724137931034,0.6683501683501684,1.0,0.6551724137931034,0.0,0,0,0,0.0,0.0,0.0,0.3,defect_broken
classwise_defect_flashover_margin_review_t0.300,margin_review,train,182,0.9010989010989011,0.7617888440673252,0.978021978021978,0.9213483146067416,0.02197802197802198,1,3,-2,0.0,0.06666666666666667,0.017964071856287425,0.3,defect_flashover
classwise_defect_flashover_margin_review_t0.300,margin_review,val,58,0.6206896551724138,0.7222614603302727,0.8448275862068966,0.7346938775510204,0.15517241379310345,7,2,5,0.0,0.35,0.05263157894736842,0.3,defect_flashover
classwise_defect_flashover_margin_switch_top2_t0.300,margin_switch_top2,train,182,0.9065934065934066,0.7102759622367465,1.0,0.9065934065934066,0.0,1,3,-2,0.02197802197802198,0.06666666666666667,0.0,0.3,defect_flashover
classwise_defect_flashover_margin_switch_top2_t0.300,margin_switch_top2,val,58,0.7413793103448276,0.7166593470941297,1.0,0.7413793103448276,0.0,7,2,5,0.15517241379310345,0.35,0.0,0.3,defect_flashover
classwise_insulator_ok_margin_review_t0.300,margin_review,train,182,0.9010989010989011,0.7993096008629988,0.9725274725274725,0.9265536723163842,0.027472527472527472,2,3,-1,0.0,0.13333333333333333,0.017964071856287425,0.3,insulator_ok
classwise_insulator_ok_margin_review_t0.300,margin_review,val,58,0.5344827586206896,0.6468013468013468,0.8620689655172413,0.62,0.13793103448275862,1,7,-6,0.0,0.05,0.18421052631578946,0.3,insulator_ok
classwise_insulator_ok_margin_switch_top2_t0.300,margin_switch_top2,train,182,0.9120879120879121,0.7840054331808455,1.0,0.9120879120879121,0.0,2,3,-1,0.027472527472527472,0.13333333333333333,0.0,0.3,insulator_ok
classwise_insulator_ok_margin_switch_top2_t0.300,margin_switch_top2,val,58,0.5517241379310345,0.5811965811965812,1.0,0.5517241379310345,0.0,1,7,-6,0.13793103448275862,0.05,0.0,0.3,insulator_ok
margin_review_t0.350,margin_review,train,182,0.8681318681318682,0.8222222222222223,0.9230769230769231,0.9404761904761905,0.07692307692307693,5,9,-4,0.0,0.3333333333333333,0.05389221556886228,0.35,
margin_review_t0.350,margin_review,val,58,0.4482758620689655,0.7043290043290044,0.6379310344827587,0.7027027027027027,0.3620689655172414,9,12,-3,0.0,0.45,0.3157894736842105,0.35,
margin_switch_top2_t0.350,margin_switch_top2,train,182,0.8956043956043956,0.7239472753007785,1.0,0.8956043956043956,0.0,5,9,-4,0.07692307692307693,0.3333333333333333,0.0,0.35,
margin_switch_top2_t0.350,margin_switch_top2,val,58,0.603448275862069,0.6070460704607045,1.0,0.603448275862069,0.0,9,12,-3,0.3620689655172414,0.45,0.0,0.35,
classwise_defect_broken_margin_review_t0.350,margin_review,train,182,0.9175824175824175,0.7858669881454693,0.9945054945054945,0.9226519337016574,0.005494505494505495,1,0,1,0.0,0.06666666666666667,0.0,0.35,defect_broken
classwise_defect_broken_margin_review_t0.350,margin_review,val,58,0.6551724137931034,0.6683501683501684,1.0,0.6551724137931034,0.0,0,0,0,0.0,0.0,0.0,0.35,defect_broken
classwise_defect_broken_margin_switch_top2_t0.350,margin_switch_top2,train,182,0.9230769230769231,0.7859598682240193,1.0,0.9230769230769231,0.0,1,0,1,0.005494505494505495,0.06666666666666667,0.0,0.35,defect_broken
classwise_defect_broken_margin_switch_top2_t0.350,margin_switch_top2,val,58,0.6551724137931034,0.6683501683501684,1.0,0.6551724137931034,0.0,0,0,0,0.0,0.0,0.0,0.35,defect_broken
classwise_defect_flashover_margin_review_t0.350,margin_review,train,182,0.9010989010989011,0.7811151811151812,0.9725274725274725,0.9265536723163842,0.027472527472527472,2,3,-1,0.0,0.13333333333333333,0.017964071856287425,0.35,defect_flashover
classwise_defect_flashover_margin_review_t0.350,margin_review,val,58,0.5862068965517241,0.7185515633791496,0.7931034482758621,0.7391304347826086,0.20689655172413793,8,4,4,0.0,0.4,0.10526315789473684,0.35,defect_flashover
classwise_defect_flashover_margin_switch_top2_t0.350,margin_switch_top2,train,182,0.9120879120879121,0.7236212068766585,1.0,0.9120879120879121,0.0,2,3,-1,0.027472527472527472,0.13333333333333333,0.0,0.35,defect_flashover
classwise_defect_flashover_margin_switch_top2_t0.350,margin_switch_top2,val,58,0.7241379310344828,0.6927609427609428,1.0,0.7241379310344828,0.0,8,4,4,0.20689655172413793,0.4,0.0,0.35,defect_flashover
classwise_insulator_ok_margin_review_t0.350,margin_review,train,182,0.8846153846153846,0.7990319031903189,0.9560439560439561,0.9252873563218391,0.04395604395604396,2,6,-4,0.0,0.13333333333333333,0.03592814371257485,0.35,insulator_ok
classwise_insulator_ok_margin_review_t0.350,margin_review,val,58,0.5172413793103449,0.6409443269908387,0.8448275862068966,0.6122448979591837,0.15517241379310345,1,8,-7,0.0,0.05,0.21052631578947367,0.35,insulator_ok
classwise_insulator_ok_margin_switch_top2_t0.350,margin_switch_top2,train,182,0.8956043956043956,0.7612066741710052,1.0,0.8956043956043956,0.0,2,6,-4,0.04395604395604396,0.13333333333333333,0.0,0.35,insulator_ok
classwise_insulator_ok_margin_switch_top2_t0.350,margin_switch_top2,val,58,0.5344827586206896,0.5682574916759157,1.0,0.5344827586206896,0.0,1,8,-7,0.15517241379310345,0.05,0.0,0.35,insulator_ok
margin_review_t0.382,margin_review,train,182,0.8681318681318682,0.8222222222222223,0.9230769230769231,0.9404761904761905,0.07692307692307693,5,9,-4,0.0,0.3333333333333333,0.05389221556886228,0.382449,
margin_review_t0.382,margin_review,val,58,0.43103448275862066,0.6991341991341992,0.6206896551724138,0.6944444444444444,0.3793103448275862,9,13,-4,0.0,0.45,0.34210526315789475,0.382449,
margin_switch_top2_t0.382,margin_switch_top2,train,182,0.8956043956043956,0.7239472753007785,1.0,0.8956043956043956,0.0,5,9,-4,0.07692307692307693,0.3333333333333333,0.0,0.382449,
margin_switch_top2_t0.382,margin_switch_top2,val,58,0.5862068965517241,0.5827835945853255,1.0,0.5862068965517241,0.0,9,13,-4,0.3793103448275862,0.45,0.0,0.382449,
classwise_defect_broken_margin_review_t0.382,margin_review,train,182,0.9175824175824175,0.7858669881454693,0.9945054945054945,0.9226519337016574,0.005494505494505495,1,0,1,0.0,0.06666666666666667,0.0,0.382449,defect_broken
classwise_defect_broken_margin_review_t0.382,margin_review,val,58,0.6551724137931034,0.6683501683501684,1.0,0.6551724137931034,0.0,0,0,0,0.0,0.0,0.0,0.382449,defect_broken
classwise_defect_broken_margin_switch_top2_t0.382,margin_switch_top2,train,182,0.9230769230769231,0.7859598682240193,1.0,0.9230769230769231,0.0,1,0,1,0.005494505494505495,0.06666666666666667,0.0,0.382449,defect_broken
classwise_defect_broken_margin_switch_top2_t0.382,margin_switch_top2,val,58,0.6551724137931034,0.6683501683501684,1.0,0.6551724137931034,0.0,0,0,0,0.0,0.0,0.0,0.382449,defect_broken
classwise_defect_flashover_margin_review_t0.382,margin_review,train,182,0.9010989010989011,0.7811151811151812,0.9725274725274725,0.9265536723163842,0.027472527472527472,2,3,-1,0.0,0.13333333333333333,0.017964071856287425,0.382449,defect_flashover
classwise_defect_flashover_margin_review_t0.382,margin_review,val,58,0.5862068965517241,0.7185515633791496,0.7931034482758621,0.7391304347826086,0.20689655172413793,8,4,4,0.0,0.4,0.10526315789473684,0.382449,defect_flashover
classwise_defect_flashover_margin_switch_top2_t0.382,margin_switch_top2,train,182,0.9120879120879121,0.7236212068766585,1.0,0.9120879120879121,0.0,2,3,-1,0.027472527472527472,0.13333333333333333,0.0,0.382449,defect_flashover
classwise_defect_flashover_margin_switch_top2_t0.382,margin_switch_top2,val,58,0.7241379310344828,0.6927609427609428,1.0,0.7241379310344828,0.0,8,4,4,0.20689655172413793,0.4,0.0,0.382449,defect_flashover
classwise_insulator_ok_margin_review_t0.382,margin_review,train,182,0.8846153846153846,0.7990319031903189,0.9560439560439561,0.9252873563218391,0.04395604395604396,2,6,-4,0.0,0.13333333333333333,0.03592814371257485,0.382449,insulator_ok
classwise_insulator_ok_margin_review_t0.382,margin_review,val,58,0.5,0.6345158906134517,0.8275862068965517,0.6041666666666666,0.1724137931034483,1,9,-8,0.0,0.05,0.23684210526315788,0.382449,insulator_ok
classwise_insulator_ok_margin_switch_top2_t0.382,margin_switch_top2,train,182,0.8956043956043956,0.7612066741710052,1.0,0.8956043956043956,0.0,2,6,-4,0.04395604395604396,0.13333333333333333,0.0,0.382449,insulator_ok
classwise_insulator_ok_margin_switch_top2_t0.382,margin_switch_top2,val,58,0.5172413793103449,0.5412288340590227,1.0,0.5172413793103449,0.0,1,9,-8,0.1724137931034483,0.05,0.0,0.382449,insulator_ok
margin_review_t0.400,margin_review,train,182,0.8681318681318682,0.8329617242660721,0.9175824175824175,0.9461077844311377,0.08241758241758242,6,9,-3,0.0,0.4,0.05389221556886228,0.4,
margin_review_t0.400,margin_review,val,58,0.39655172413793105,0.7002020202020202,0.5689655172413793,0.696969696969697,0.43103448275862066,10,15,-5,0.0,0.5,0.39473684210526316,0.4,
margin_switch_top2_t0.400,margin_switch_top2,train,182,0.9010989010989011,0.7394713912285797,1.0,0.9010989010989011,0.0,6,9,-3,0.08241758241758242,0.4,0.0,0.4,
margin_switch_top2_t0.400,margin_switch_top2,val,58,0.5689655172413793,0.5667684167684167,1.0,0.5689655172413793,0.0,10,15,-5,0.43103448275862066,0.5,0.0,0.4,
classwise_defect_broken_margin_review_t0.400,margin_review,train,182,0.9175824175824175,0.7858669881454693,0.9945054945054945,0.9226519337016574,0.005494505494505495,1,0,1,0.0,0.06666666666666667,0.0,0.4,defect_broken
classwise_defect_broken_margin_review_t0.400,margin_review,val,58,0.6551724137931034,0.6683501683501684,1.0,0.6551724137931034,0.0,0,0,0,0.0,0.0,0.0,0.4,defect_broken
classwise_defect_broken_margin_switch_top2_t0.400,margin_switch_top2,train,182,0.9230769230769231,0.7859598682240193,1.0,0.9230769230769231,0.0,1,0,1,0.005494505494505495,0.06666666666666667,0.0,0.4,defect_broken
classwise_defect_broken_margin_switch_top2_t0.400,margin_switch_top2,val,58,0.6551724137931034,0.6683501683501684,1.0,0.6551724137931034,0.0,0,0,0,0.0,0.0,0.0,0.4,defect_broken
classwise_defect_flashover_margin_review_t0.400,margin_review,train,182,0.9010989010989011,0.7811151811151812,0.9725274725274725,0.9265536723163842,0.027472527472527472,2,3,-1,0.0,0.13333333333333333,0.017964071856287425,0.4,defect_flashover
classwise_defect_flashover_margin_review_t0.400,margin_review,val,58,0.5689655172413793,0.7220622514740161,0.7586206896551724,0.75,0.2413793103448276,9,5,4,0.0,0.45,0.13157894736842105,0.4,defect_flashover
classwise_defect_flashover_margin_switch_top2_t0.400,margin_switch_top2,train,182,0.9120879120879121,0.7236212068766585,1.0,0.9120879120879121,0.0,2,3,-1,0.027472527472527472,0.13333333333333333,0.0,0.4,defect_flashover
classwise_defect_flashover_margin_switch_top2_t0.400,margin_switch_top2,val,58,0.7241379310344828,0.6847375234472008,1.0,0.7241379310344828,0.0,9,5,4,0.2413793103448276,0.45,0.0,0.4,defect_flashover
classwise_insulator_ok_margin_review_t0.400,margin_review,train,182,0.8846153846153846,0.8089771891096396,0.9505494505494505,0.930635838150289,0.04945054945054945,3,6,-3,0.0,0.2,0.03592814371257485,0.4,insulator_ok
classwise_insulator_ok_margin_review_t0.400,margin_review,val,58,0.4827586206896552,0.6274281274281275,0.8103448275862069,0.5957446808510638,0.1896551724137931,1,10,-9,0.0,0.05,0.2631578947368421,0.4,insulator_ok
classwise_insulator_ok_margin_switch_top2_t0.400,margin_switch_top2,train,182,0.9010989010989011,0.7767425810904073,1.0,0.9010989010989011,0.0,3,6,-3,0.04945054945054945,0.2,0.0,0.4,insulator_ok
classwise_insulator_ok_margin_switch_top2_t0.400,margin_switch_top2,val,58,0.5,0.527627575246623,1.0,0.5,0.0,1,10,-9,0.1896551724137931,0.05,0.0,0.4,insulator_ok
margin_review_t0.473,margin_review,train,182,0.8461538461538461,0.8230944254835041,0.8956043956043956,0.9447852760736196,0.1043956043956044,6,13,-7,0.0,0.4,0.07784431137724551,0.473183,
margin_review_t0.473,margin_review,val,58,0.3448275862068966,0.6893378226711558,0.5,0.6896551724137931,0.5,11,18,-7,0.0,0.55,0.47368421052631576,0.473183,
margin_switch_top2_t0.473,margin_switch_top2,train,182,0.8791208791208791,0.6926434765663062,1.0,0.8791208791208791,0.0,6,13,-7,0.1043956043956044,0.4,0.0,0.473183,
margin_switch_top2_t0.473,margin_switch_top2,val,58,0.5344827586206896,0.5282865282865282,1.0,0.5344827586206896,0.0,11,18,-7,0.5,0.55,0.0,0.473183,
classwise_defect_broken_margin_review_t0.473,margin_review,train,182,0.9120879120879121,0.7754322055367734,0.989010989010989,0.9222222222222223,0.01098901098901099,1,1,0,0.0,0.06666666666666667,0.005988023952095809,0.473183,defect_broken
classwise_defect_broken_margin_review_t0.473,margin_review,val,58,0.6551724137931034,0.6683501683501684,1.0,0.6551724137931034,0.0,0,0,0,0.0,0.0,0.0,0.473183,defect_broken
classwise_defect_broken_margin_switch_top2_t0.473,margin_switch_top2,train,182,0.9175824175824175,0.7660720505548092,1.0,0.9175824175824175,0.0,1,1,0,0.01098901098901099,0.06666666666666667,0.0,0.473183,defect_broken
classwise_defect_broken_margin_switch_top2_t0.473,margin_switch_top2,val,58,0.6551724137931034,0.6683501683501684,1.0,0.6551724137931034,0.0,0,0,0,0.0,0.0,0.0,0.473183,defect_broken
classwise_defect_flashover_margin_review_t0.473,margin_review,train,182,0.9010989010989011,0.7811151811151812,0.9725274725274725,0.9265536723163842,0.027472527472527472,2,3,-1,0.0,0.13333333333333333,0.017964071856287425,0.473183,defect_flashover
classwise_defect_flashover_margin_review_t0.473,margin_review,val,58,0.5344827586206896,0.6987522281639929,0.7241379310344828,0.7380952380952381,0.27586206896551724,9,7,2,0.0,0.45,0.18421052631578946,0.473183,defect_flashover
classwise_defect_flashover_margin_switch_top2_t0.473,margin_switch_top2,train,182,0.9120879120879121,0.7236212068766585,1.0,0.9120879120879121,0.0,2,3,-1,0.027472527472527472,0.13333333333333333,0.0,0.473183,defect_flashover
classwise_defect_flashover_margin_switch_top2_t0.473,margin_switch_top2,val,58,0.6896551724137931,0.6435131716438431,1.0,0.6896551724137931,0.0,9,7,2,0.27586206896551724,0.45,0.0,0.473183,defect_flashover
classwise_insulator_ok_margin_review_t0.473,margin_review,train,182,0.8681318681318682,0.8087087087087088,0.9340659340659341,0.9294117647058824,0.06593406593406594,3,9,-6,0.0,0.2,0.05389221556886228,0.473183,insulator_ok
classwise_insulator_ok_margin_review_t0.473,margin_review,val,58,0.46551724137931033,0.6291598152063268,0.7758620689655172,0.6,0.22413793103448276,2,11,-9,0.0,0.1,0.2894736842105263,0.473183,insulator_ok
classwise_insulator_ok_margin_switch_top2_t0.473,margin_switch_top2,train,182,0.8846153846153846,0.7464609450337512,1.0,0.8846153846153846,0.0,3,9,-6,0.06593406593406594,0.2,0.0,0.473183,insulator_ok
classwise_insulator_ok_margin_switch_top2_t0.473,margin_switch_top2,val,58,0.5,0.5141383439255779,1.0,0.5,0.0,2,11,-9,0.22413793103448276,0.1,0.0,0.473183,insulator_ok
margin_review_t0.500,margin_review,train,182,0.8351648351648352,0.8548891452005639,0.8736263736263736,0.9559748427672956,0.12637362637362637,8,15,-7,0.0,0.5333333333333333,0.08982035928143713,0.5,
margin_review_t0.500,margin_review,val,58,0.3103448275862069,0.6743083003952569,0.46551724137931033,0.6666666666666666,0.5344827586206896,11,20,-9,0.0,0.55,0.5263157894736842,0.5,
margin_switch_top2_t0.500,margin_switch_top2,train,182,0.8791208791208791,0.6823423226119014,1.0,0.8791208791208791,0.0,8,15,-7,0.12637362637362637,0.5333333333333333,0.0,0.5,
margin_switch_top2_t0.500,margin_switch_top2,val,58,0.5,0.5063498410159745,1.0,0.5,0.0,11,20,-9,0.5344827586206896,0.55,0.0,0.5,
classwise_defect_broken_margin_review_t0.500,margin_review,train,182,0.9120879120879121,0.7754322055367734,0.989010989010989,0.9222222222222223,0.01098901098901099,1,1,0,0.0,0.06666666666666667,0.005988023952095809,0.5,defect_broken
classwise_defect_broken_margin_review_t0.500,margin_review,val,58,0.6551724137931034,0.6683501683501684,1.0,0.6551724137931034,0.0,0,0,0,0.0,0.0,0.0,0.5,defect_broken
classwise_defect_broken_margin_switch_top2_t0.500,margin_switch_top2,train,182,0.9175824175824175,0.7660720505548092,1.0,0.9175824175824175,0.0,1,1,0,0.01098901098901099,0.06666666666666667,0.0,0.5,defect_broken
classwise_defect_broken_margin_switch_top2_t0.500,margin_switch_top2,val,58,0.6551724137931034,0.6683501683501684,1.0,0.6551724137931034,0.0,0,0,0,0.0,0.0,0.0,0.5,defect_broken
classwise_defect_flashover_margin_review_t0.500,margin_review,train,182,0.8956043956043956,0.7923893516250203,0.9615384615384616,0.9314285714285714,0.038461538461538464,3,4,-1,0.0,0.2,0.023952095808383235,0.5,defect_flashover
classwise_defect_flashover_margin_review_t0.500,margin_review,val,58,0.5344827586206896,0.6987522281639929,0.7241379310344828,0.7380952380952381,0.27586206896551724,9,7,2,0.0,0.45,0.18421052631578946,0.5,defect_flashover
classwise_defect_flashover_margin_switch_top2_t0.500,margin_switch_top2,train,182,0.9120879120879121,0.705860511846064,1.0,0.9120879120879121,0.0,3,4,-1,0.038461538461538464,0.2,0.0,0.5,defect_flashover
classwise_defect_flashover_margin_switch_top2_t0.500,margin_switch_top2,val,58,0.6896551724137931,0.6435131716438431,1.0,0.6896551724137931,0.0,9,7,2,0.27586206896551724,0.45,0.0,0.5,defect_flashover
classwise_insulator_ok_margin_review_t0.500,margin_review,train,182,0.8626373626373627,0.8193698372656675,0.9230769230769231,0.9345238095238095,0.07692307692307693,4,10,-6,0.0,0.26666666666666666,0.059880239520958084,0.5,insulator_ok
classwise_insulator_ok_margin_review_t0.500,margin_review,val,58,0.43103448275862066,0.6106412966878083,0.7413793103448276,0.5813953488372093,0.25862068965517243,2,13,-11,0.0,0.1,0.34210526315789475,0.5,insulator_ok
classwise_insulator_ok_margin_switch_top2_t0.500,margin_switch_top2,train,182,0.8846153846153846,0.7505240633953506,1.0,0.8846153846153846,0.0,4,10,-6,0.07692307692307693,0.26666666666666666,0.0,0.5,insulator_ok
classwise_insulator_ok_margin_switch_top2_t0.500,margin_switch_top2,val,58,0.46551724137931033,0.4844333054859371,1.0,0.46551724137931033,0.0,2,13,-11,0.25862068965517243,0.1,0.0,0.5,insulator_ok
margin_review_t0.560,margin_review,train,182,0.8241758241758241,0.8579307402836815,0.8571428571428571,0.9615384615384616,0.14285714285714285,9,17,-8,0.0,0.6,0.10179640718562874,0.559617,
margin_review_t0.560,margin_review,val,58,0.29310344827586204,0.7047258297258298,0.41379310344827586,0.7083333333333334,0.5862068965517241,13,21,-8,0.0,0.65,0.5526315789473685,0.559617,
margin_switch_top2_t0.560,margin_switch_top2,train,182,0.8736263736263736,0.6593101432329728,1.0,0.8736263736263736,0.0,9,17,-8,0.14285714285714285,0.6,0.0,0.559617,
margin_switch_top2_t0.560,margin_switch_top2,val,58,0.5172413793103449,0.5127253161151466,1.0,0.5172413793103449,0.0,13,21,-8,0.5862068965517241,0.65,0.0,0.559617,
classwise_defect_broken_margin_review_t0.560,margin_review,train,182,0.9065934065934066,0.7735449735449736,0.978021978021978,0.9269662921348315,0.02197802197802198,2,2,0,0.0,0.13333333333333333,0.011976047904191617,0.559617,defect_broken
classwise_defect_broken_margin_review_t0.560,margin_review,val,58,0.6551724137931034,0.6683501683501684,1.0,0.6551724137931034,0.0,0,0,0,0.0,0.0,0.0,0.559617,defect_broken
classwise_defect_broken_margin_switch_top2_t0.560,margin_switch_top2,train,182,0.9175824175824175,0.7429924242424243,1.0,0.9175824175824175,0.0,2,2,0,0.02197802197802198,0.13333333333333333,0.0,0.559617,defect_broken
classwise_defect_broken_margin_switch_top2_t0.560,margin_switch_top2,val,58,0.6551724137931034,0.6683501683501684,1.0,0.6551724137931034,0.0,0,0,0,0.0,0.0,0.0,0.559617,defect_broken
classwise_defect_flashover_margin_review_t0.560,margin_review,train,182,0.8956043956043956,0.7923893516250203,0.9615384615384616,0.9314285714285714,0.038461538461538464,3,4,-1,0.0,0.2,0.023952095808383235,0.559617,defect_flashover
classwise_defect_flashover_margin_review_t0.560,margin_review,val,58,0.5172413793103449,0.6836007130124777,0.7068965517241379,0.7317073170731707,0.29310344827586204,9,8,1,0.0,0.45,0.21052631578947367,0.559617,defect_flashover
classwise_defect_flashover_margin_switch_top2_t0.560,margin_switch_top2,train,182,0.9120879120879121,0.705860511846064,1.0,0.9120879120879121,0.0,3,4,-1,0.038461538461538464,0.2,0.0,0.559617,defect_flashover
classwise_defect_flashover_margin_switch_top2_t0.560,margin_switch_top2,val,58,0.6724137931034483,0.6044277360066833,1.0,0.6724137931034483,0.0,9,8,1,0.29310344827586204,0.45,0.0,0.559617,defect_flashover
classwise_insulator_ok_margin_review_t0.560,margin_review,train,182,0.8571428571428571,0.81928382887594,0.9175824175824175,0.9341317365269461,0.08241758241758242,4,11,-7,0.0,0.26666666666666666,0.0658682634730539,0.559617,insulator_ok
classwise_insulator_ok_margin_review_t0.560,margin_review,val,58,0.43103448275862066,0.6315841340231584,0.7068965517241379,0.6097560975609756,0.29310344827586204,4,13,-9,0.0,0.2,0.34210526315789475,0.559617,insulator_ok
classwise_insulator_ok_margin_switch_top2_t0.560,margin_switch_top2,train,182,0.8791208791208791,0.743523707099866,1.0,0.8791208791208791,0.0,4,11,-7,0.08241758241758242,0.26666666666666666,0.0,0.559617,insulator_ok
classwise_insulator_ok_margin_switch_top2_t0.560,margin_switch_top2,val,58,0.5,0.5065975937083544,1.0,0.5,0.0,4,13,-9,0.29310344827586204,0.2,0.0,0.559617,insulator_ok
margin_review_t0.600,margin_review,train,182,0.7912087912087912,0.8959001782531195,0.8186813186813187,0.9664429530201343,0.1813186813186813,10,23,-13,0.0,0.6666666666666666,0.1377245508982036,0.6,
margin_review_t0.600,margin_review,val,58,0.20689655172413793,0.6626984126984127,0.3103448275862069,0.6666666666666666,0.6896551724137931,14,26,-12,0.0,0.7,0.6842105263157895,0.6,
margin_switch_top2_t0.600,margin_switch_top2,train,182,0.8461538461538461,0.6265237494745691,1.0,0.8461538461538461,0.0,10,23,-13,0.1813186813186813,0.6666666666666666,0.0,0.6,
margin_switch_top2_t0.600,margin_switch_top2,val,58,0.4482758620689655,0.4100055068411912,1.0,0.4482758620689655,0.0,14,26,-12,0.6896551724137931,0.7,0.0,0.6,
classwise_defect_broken_margin_review_t0.600,margin_review,train,182,0.9065934065934066,0.7735449735449736,0.978021978021978,0.9269662921348315,0.02197802197802198,2,2,0,0.0,0.13333333333333333,0.011976047904191617,0.6,defect_broken
classwise_defect_broken_margin_review_t0.600,margin_review,val,58,0.6206896551724138,0.6521029504080351,0.9482758620689655,0.6545454545454545,0.05172413793103448,1,2,-1,0.0,0.05,0.05263157894736842,0.6,defect_broken
classwise_defect_broken_margin_switch_top2_t0.600,margin_switch_top2,train,182,0.9175824175824175,0.7429924242424243,1.0,0.9175824175824175,0.0,2,2,0,0.02197802197802198,0.13333333333333333,0.0,0.6,defect_broken
classwise_defect_broken_margin_switch_top2_t0.600,margin_switch_top2,val,58,0.6379310344827587,0.5920634920634921,1.0,0.6379310344827587,0.0,1,2,-1,0.05172413793103448,0.05,0.0,0.6,defect_broken
classwise_defect_flashover_margin_review_t0.600,margin_review,train,182,0.8901098901098901,0.7757226849583537,0.9560439560439561,0.9310344827586207,0.04395604395604396,3,5,-2,0.0,0.2,0.029940119760479042,0.6,defect_flashover
classwise_defect_flashover_margin_review_t0.600,margin_review,val,58,0.5,0.6650821944939592,0.6896551724137931,0.725,0.3103448275862069,9,9,0,0.0,0.45,0.23684210526315788,0.6,defect_flashover
classwise_defect_flashover_margin_switch_top2_t0.600,margin_switch_top2,train,182,0.9065934065934066,0.6621758014946869,1.0,0.9065934065934066,0.0,3,5,-2,0.04395604395604396,0.2,0.0,0.6,defect_flashover
classwise_defect_flashover_margin_switch_top2_t0.600,margin_switch_top2,val,58,0.6551724137931034,0.5807279140612475,1.0,0.6551724137931034,0.0,9,9,0,0.3103448275862069,0.45,0.0,0.6,defect_flashover
classwise_insulator_ok_margin_review_t0.600,margin_review,train,182,0.8296703296703297,0.8340143837855508,0.8846153846153846,0.937888198757764,0.11538461538461539,5,16,-11,0.0,0.3333333333333333,0.09580838323353294,0.6,insulator_ok
classwise_insulator_ok_margin_review_t0.600,margin_review,val,58,0.39655172413793105,0.6076525100915345,0.6724137931034483,0.5897435897435898,0.3275862068965517,4,15,-11,0.0,0.2,0.39473684210526316,0.6,insulator_ok
classwise_insulator_ok_margin_switch_top2_t0.600,margin_switch_top2,train,182,0.8571428571428571,0.7298294229188538,1.0,0.8571428571428571,0.0,5,16,-11,0.11538461538461539,0.3333333333333333,0.0,0.6,insulator_ok
classwise_insulator_ok_margin_switch_top2_t0.600,margin_switch_top2,val,58,0.46551724137931033,0.47382951581272253,1.0,0.46551724137931033,0.0,4,15,-11,0.3275862068965517,0.2,0.0,0.6,insulator_ok
margin_review_t0.632,margin_review,train,182,0.7637362637362637,0.8997867803837952,0.7857142857142857,0.972027972027972,0.21428571428571427,11,28,-17,0.0,0.7333333333333333,0.16766467065868262,0.63212,
margin_review_t0.632,margin_review,val,58,0.20689655172413793,0.6626984126984127,0.3103448275862069,0.6666666666666666,0.6896551724137931,14,26,-12,0.0,0.7,0.6842105263157895,0.63212,
margin_switch_top2_t0.632,margin_switch_top2,train,182,0.8241758241758241,0.5846381630644267,1.0,0.8241758241758241,0.0,11,28,-17,0.21428571428571427,0.7333333333333333,0.0,0.63212,
margin_switch_top2_t0.632,margin_switch_top2,val,58,0.4482758620689655,0.4100055068411912,1.0,0.4482758620689655,0.0,14,26,-12,0.6896551724137931,0.7,0.0,0.63212,
classwise_defect_broken_margin_review_t0.632,margin_review,train,182,0.9010989010989011,0.7587301587301587,0.9725274725274725,0.9265536723163842,0.027472527472527472,2,3,-1,0.0,0.13333333333333333,0.017964071856287425,0.63212,defect_broken
classwise_defect_broken_margin_review_t0.632,margin_review,val,58,0.6206896551724138,0.6521029504080351,0.9482758620689655,0.6545454545454545,0.05172413793103448,1,2,-1,0.0,0.05,0.05263157894736842,0.63212,defect_broken
classwise_defect_broken_margin_switch_top2_t0.632,margin_switch_top2,train,182,0.9120879120879121,0.7189114105001955,1.0,0.9120879120879121,0.0,2,3,-1,0.027472527472527472,0.13333333333333333,0.0,0.63212,defect_broken
classwise_defect_broken_margin_switch_top2_t0.632,margin_switch_top2,val,58,0.6379310344827587,0.5920634920634921,1.0,0.6379310344827587,0.0,1,2,-1,0.05172413793103448,0.05,0.0,0.63212,defect_broken
classwise_defect_flashover_margin_review_t0.632,margin_review,train,182,0.8846153846153846,0.7479449071805759,0.9505494505494505,0.930635838150289,0.04945054945054945,3,6,-3,0.0,0.2,0.03592814371257485,0.63212,defect_flashover
classwise_defect_flashover_margin_review_t0.632,margin_review,val,58,0.5,0.6650821944939592,0.6896551724137931,0.725,0.3103448275862069,9,9,0,0.0,0.45,0.23684210526315788,0.63212,defect_flashover
classwise_defect_flashover_margin_switch_top2_t0.632,margin_switch_top2,train,182,0.9010989010989011,0.6184597295708406,1.0,0.9010989010989011,0.0,3,6,-3,0.04945054945054945,0.2,0.0,0.63212,defect_flashover
classwise_defect_flashover_margin_switch_top2_t0.632,margin_switch_top2,val,58,0.6551724137931034,0.5807279140612475,1.0,0.6551724137931034,0.0,9,9,0,0.3103448275862069,0.45,0.0,0.63212,defect_flashover
classwise_insulator_ok_margin_review_t0.632,margin_review,train,182,0.8131868131868132,0.8454703191545296,0.8626373626373627,0.9426751592356688,0.13736263736263737,6,19,-13,0.0,0.4,0.11377245508982035,0.63212,insulator_ok
classwise_insulator_ok_margin_review_t0.632,margin_review,val,58,0.39655172413793105,0.6076525100915345,0.6724137931034483,0.5897435897435898,0.3275862068965517,4,15,-11,0.0,0.2,0.39473684210526316,0.63212,insulator_ok
classwise_insulator_ok_margin_switch_top2_t0.632,margin_switch_top2,train,182,0.8461538461538461,0.72606122103839,1.0,0.8461538461538461,0.0,6,19,-13,0.13736263736263737,0.4,0.0,0.63212,insulator_ok
classwise_insulator_ok_margin_switch_top2_t0.632,margin_switch_top2,val,58,0.46551724137931033,0.47382951581272253,1.0,0.46551724137931033,0.0,4,15,-11,0.3275862068965517,0.2,0.0,0.63212,insulator_ok
margin_review_t0.750,margin_review,train,182,0.6923076923076923,0.918927545483562,0.7087912087912088,0.9767441860465116,0.29120879120879123,12,41,-29,0.0,0.8,0.24550898203592814,0.75,
margin_review_t0.750,margin_review,val,58,0.10344827586206896,0.3703703703703704,0.1896551724137931,0.5454545454545454,0.8103448275862069,15,32,-17,0.0,0.75,0.8421052631578947,0.75,
margin_switch_top2_t0.750,margin_switch_top2,train,182,0.7527472527472527,0.514801999231065,1.0,0.7527472527472527,0.0,11,41,-30,0.29120879120879123,0.7333333333333333,0.0,0.75,
margin_switch_top2_t0.750,margin_switch_top2,val,58,0.3620689655172414,0.3012646793134598,1.0,0.3620689655172414,0.0,15,32,-17,0.8103448275862069,0.75,0.0,0.75,
classwise_defect_broken_margin_review_t0.750,margin_review,train,182,0.9010989010989011,0.7587301587301587,0.9725274725274725,0.9265536723163842,0.027472527472527472,2,3,-1,0.0,0.13333333333333333,0.017964071856287425,0.75,defect_broken
classwise_defect_broken_margin_review_t0.750,margin_review,val,58,0.5862068965517241,0.42988072818581297,0.9137931034482759,0.6415094339622641,0.08620689655172414,1,4,-3,0.0,0.05,0.10526315789473684,0.75,defect_broken
classwise_defect_broken_margin_switch_top2_t0.750,margin_switch_top2,train,182,0.9120879120879121,0.7189114105001955,1.0,0.9120879120879121,0.0,2,3,-1,0.027472527472527472,0.13333333333333333,0.0,0.75,defect_broken
classwise_defect_broken_margin_switch_top2_t0.750,margin_switch_top2,val,58,0.603448275862069,0.4182336182336182,1.0,0.603448275862069,0.0,1,4,-3,0.08620689655172414,0.05,0.0,0.75,defect_broken
classwise_defect_flashover_margin_review_t0.750,margin_review,train,182,0.8846153846153846,0.7479449071805759,0.9505494505494505,0.930635838150289,0.04945054945054945,3,6,-3,0.0,0.2,0.03592814371257485,0.75,defect_flashover
classwise_defect_flashover_margin_review_t0.750,margin_review,val,58,0.46551724137931033,0.6437405731523379,0.6379310344827587,0.7297297297297297,0.3620689655172414,10,11,-1,0.0,0.5,0.2894736842105263,0.75,defect_flashover
classwise_defect_flashover_margin_switch_top2_t0.750,margin_switch_top2,train,182,0.9010989010989011,0.6184597295708406,1.0,0.9010989010989011,0.0,3,6,-3,0.04945054945054945,0.2,0.0,0.75,defect_flashover
classwise_defect_flashover_margin_switch_top2_t0.750,margin_switch_top2,val,58,0.6379310344827587,0.5651303689278373,1.0,0.6379310344827587,0.0,10,11,-1,0.3620689655172414,0.5,0.0,0.75,defect_flashover
classwise_insulator_ok_margin_review_t0.750,margin_review,train,182,0.7417582417582418,0.8571632332864683,0.7857142857142857,0.9440559440559441,0.21428571428571427,7,32,-25,0.0,0.4666666666666667,0.19161676646706588,0.75,insulator_ok
classwise_insulator_ok_margin_review_t0.750,margin_review,val,58,0.3620689655172414,0.5750184774575019,0.6379310344827587,0.5675675675675675,0.3620689655172414,4,17,-13,0.0,0.2,0.4473684210526316,0.75,insulator_ok
classwise_insulator_ok_margin_switch_top2_t0.750,margin_switch_top2,train,182,0.7747252747252747,0.6418531841193712,1.0,0.7747252747252747,0.0,6,32,-26,0.21428571428571427,0.4,0.0,0.75,insulator_ok
classwise_insulator_ok_margin_switch_top2_t0.750,margin_switch_top2,val,58,0.43103448275862066,0.42894954507857724,1.0,0.43103448275862066,0.0,4,17,-13,0.3620689655172414,0.2,0.0,0.75,insulator_ok
margin_review_t0.844,margin_review,train,182,0.6153846153846154,0.9508305647840531,0.6208791208791209,0.9911504424778761,0.3791208791208791,14,55,-41,0.0,0.9333333333333333,0.32934131736526945,0.844441,
margin_review_t0.844,margin_review,val,58,0.10344827586206896,0.562962962962963,0.1206896551724138,0.8571428571428571,0.8793103448275862,19,32,-13,0.0,0.95,0.8421052631578947,0.844441,
margin_switch_top2_t0.844,margin_switch_top2,train,182,0.6868131868131868,0.4607314025185734,1.0,0.6868131868131868,0.0,13,55,-42,0.3791208791208791,0.8666666666666667,0.0,0.844441,
margin_switch_top2_t0.844,margin_switch_top2,val,58,0.41379310344827586,0.34436701509872236,1.0,0.41379310344827586,0.0,18,32,-14,0.8793103448275862,0.9,0.0,0.844441,
classwise_defect_broken_margin_review_t0.844,margin_review,train,182,0.8901098901098901,0.7284088876445565,0.9560439560439561,0.9310344827586207,0.04395604395604396,3,5,-2,0.0,0.2,0.029940119760479042,0.844441,defect_broken
classwise_defect_broken_margin_review_t0.844,margin_review,val,58,0.5862068965517241,0.42988072818581297,0.9137931034482759,0.6415094339622641,0.08620689655172414,1,4,-3,0.0,0.05,0.10526315789473684,0.844441,defect_broken
classwise_defect_broken_margin_switch_top2_t0.844,margin_switch_top2,train,182,0.9065934065934066,0.6704077815188926,1.0,0.9065934065934066,0.0,3,5,-2,0.04395604395604396,0.2,0.0,0.844441,defect_broken
classwise_defect_broken_margin_switch_top2_t0.844,margin_switch_top2,val,58,0.603448275862069,0.4182336182336182,1.0,0.603448275862069,0.0,1,4,-3,0.08620689655172414,0.05,0.0,0.844441,defect_broken
classwise_defect_flashover_margin_review_t0.844,margin_review,train,182,0.8846153846153846,0.7479449071805759,0.9505494505494505,0.930635838150289,0.04945054945054945,3,6,-3,0.0,0.2,0.03592814371257485,0.844441,defect_flashover
classwise_defect_flashover_margin_review_t0.844,margin_review,val,58,0.46551724137931033,0.6975084175084175,0.603448275862069,0.7714285714285715,0.39655172413793105,12,11,1,0.0,0.6,0.2894736842105263,0.844441,defect_flashover
classwise_defect_flashover_margin_switch_top2_t0.844,margin_switch_top2,train,182,0.9010989010989011,0.6184597295708406,1.0,0.9010989010989011,0.0,3,6,-3,0.04945054945054945,0.2,0.0,0.844441,defect_flashover
classwise_defect_flashover_margin_switch_top2_t0.844,margin_switch_top2,val,58,0.6551724137931034,0.5721603499381277,1.0,0.6551724137931034,0.0,11,11,0,0.39655172413793105,0.55,0.0,0.844441,defect_flashover
classwise_insulator_ok_margin_review_t0.844,margin_review,train,182,0.6758241758241759,0.8701436850043661,0.7142857142857143,0.9461538461538461,0.2857142857142857,8,44,-36,0.0,0.5333333333333333,0.2634730538922156,0.844441,insulator_ok
classwise_insulator_ok_margin_review_t0.844,margin_review,val,58,0.3620689655172414,0.597979797979798,0.603448275862069,0.6,0.39655172413793105,6,17,-11,0.0,0.3,0.4473684210526316,0.844441,insulator_ok
classwise_insulator_ok_margin_switch_top2_t0.844,margin_switch_top2,train,182,0.7142857142857143,0.5950752470799641,1.0,0.7142857142857143,0.0,7,44,-37,0.2857142857142857,0.4666666666666667,0.0,0.844441,insulator_ok
classwise_insulator_ok_margin_switch_top2_t0.844,margin_switch_top2,val,58,0.46551724137931033,0.4477665165165165,1.0,0.46551724137931033,0.0,6,17,-11,0.39655172413793105,0.3,0.0,0.844441,insulator_ok
margin_review_t0.917,margin_review,train,182,0.42857142857142855,1.0,0.42857142857142855,1.0,0.5714285714285714,15,89,-74,0.0,1.0,0.5329341317365269,0.917282,
margin_review_t0.917,margin_review,val,58,0.06896551724137931,0.6666666666666666,0.06896551724137931,1.0,0.9310344827586207,20,34,-14,0.0,1.0,0.8947368421052632,0.917282,
margin_switch_top2_t0.917,margin_switch_top2,train,182,0.5054945054945055,0.35663082437275984,1.0,0.5054945054945055,0.0,14,89,-75,0.5714285714285714,0.9333333333333333,0.0,0.917282,
margin_switch_top2_t0.917,margin_switch_top2,val,58,0.39655172413793105,0.33307731694828463,1.0,0.39655172413793105,0.0,19,34,-15,0.9310344827586207,0.95,0.0,0.917282,
classwise_defect_broken_margin_review_t0.917,margin_review,train,182,0.8791208791208791,0.6486368078724767,0.945054945054945,0.9302325581395349,0.054945054945054944,3,7,-4,0.0,0.2,0.041916167664670656,0.917282,defect_broken
classwise_defect_broken_margin_review_t0.917,margin_review,val,58,0.5862068965517241,0.42988072818581297,0.9137931034482759,0.6415094339622641,0.08620689655172414,1,4,-3,0.0,0.05,0.10526315789473684,0.917282,defect_broken
classwise_defect_broken_margin_switch_top2_t0.917,margin_switch_top2,train,182,0.8956043956043956,0.5990193344487823,1.0,0.8956043956043956,0.0,3,7,-4,0.054945054945054944,0.2,0.0,0.917282,defect_broken
classwise_defect_broken_margin_switch_top2_t0.917,margin_switch_top2,val,58,0.603448275862069,0.4182336182336182,1.0,0.603448275862069,0.0,1,4,-3,0.08620689655172414,0.05,0.0,0.917282,defect_broken
classwise_defect_flashover_margin_review_t0.917,margin_review,train,182,0.8846153846153846,0.7479449071805759,0.9505494505494505,0.930635838150289,0.04945054945054945,3,6,-3,0.0,0.2,0.03592814371257485,0.917282,defect_flashover
classwise_defect_flashover_margin_review_t0.917,margin_review,val,58,0.4482758620689655,0.6503703703703704,0.5862068965517241,0.7647058823529411,0.41379310344827586,12,12,0,0.0,0.6,0.3157894736842105,0.917282,defect_flashover
classwise_defect_flashover_margin_switch_top2_t0.917,margin_switch_top2,train,182,0.9010989010989011,0.6184597295708406,1.0,0.9010989010989011,0.0,3,6,-3,0.04945054945054945,0.2,0.0,0.917282,defect_flashover
classwise_defect_flashover_margin_switch_top2_t0.917,margin_switch_top2,val,58,0.6379310344827587,0.5401888084814914,1.0,0.6379310344827587,0.0,11,12,-1,0.41379310344827586,0.55,0.0,0.917282,defect_flashover
classwise_insulator_ok_margin_review_t0.917,margin_review,train,182,0.5,0.8819163292847504,0.532967032967033,0.9381443298969072,0.46703296703296704,9,76,-67,0.0,0.6,0.4550898203592814,0.917282,insulator_ok
classwise_insulator_ok_margin_review_t0.917,margin_review,val,58,0.3448275862068966,0.5881414766863684,0.5689655172413793,0.6060606060606061,0.43103448275862066,7,18,-11,0.0,0.35,0.47368421052631576,0.917282,insulator_ok
classwise_insulator_ok_margin_switch_top2_t0.917,margin_switch_top2,train,182,0.5439560439560439,0.48363318340829586,1.0,0.5439560439560439,0.0,8,76,-68,0.46703296703296704,0.5333333333333333,0.0,0.917282,insulator_ok
classwise_insulator_ok_margin_switch_top2_t0.917,margin_switch_top2,val,58,0.46551724137931033,0.43694083694083696,1.0,0.46551724137931033,0.0,7,18,-11,0.43103448275862066,0.35,0.0,0.917282,insulator_ok
margin_review_t0.958,margin_review,train,182,0.3131868131868132,0.6666666666666666,0.3131868131868132,1.0,0.6868131868131868,15,110,-95,0.0,1.0,0.6586826347305389,0.957787,
margin_review_t0.958,margin_review,val,58,0.05172413793103448,0.3333333333333333,0.05172413793103448,1.0,0.9482758620689655,20,35,-15,0.0,1.0,0.9210526315789473,0.957787,
margin_switch_top2_t0.958,margin_switch_top2,train,182,0.3901098901098901,0.27853367433930093,1.0,0.3901098901098901,0.0,14,110,-96,0.6868131868131868,0.9333333333333333,0.0,0.957787,
margin_switch_top2_t0.958,margin_switch_top2,val,58,0.3793103448275862,0.31752484191508584,1.0,0.3793103448275862,0.0,19,35,-16,0.9482758620689655,0.95,0.0,0.957787,
classwise_defect_broken_margin_review_t0.958,margin_review,train,182,0.8736263736263736,0.5745627337984026,0.9395604395604396,0.9298245614035088,0.06043956043956044,3,8,-5,0.0,0.2,0.04790419161676647,0.957787,defect_broken
classwise_defect_broken_margin_review_t0.958,margin_review,val,58,0.5862068965517241,0.42988072818581297,0.9137931034482759,0.6415094339622641,0.08620689655172414,1,4,-3,0.0,0.05,0.10526315789473684,0.957787,defect_broken
classwise_defect_broken_margin_switch_top2_t0.958,margin_switch_top2,train,182,0.8901098901098901,0.5468124833288877,1.0,0.8901098901098901,0.0,3,8,-5,0.06043956043956044,0.2,0.0,0.957787,defect_broken
classwise_defect_broken_margin_switch_top2_t0.958,margin_switch_top2,val,58,0.603448275862069,0.4182336182336182,1.0,0.603448275862069,0.0,1,4,-3,0.08620689655172414,0.05,0.0,0.957787,defect_broken
classwise_defect_flashover_margin_review_t0.958,margin_review,train,182,0.8791208791208791,0.6923893516250205,0.945054945054945,0.9302325581395349,0.054945054945054944,3,7,-4,0.0,0.2,0.041916167664670656,0.957787,defect_flashover
classwise_defect_flashover_margin_review_t0.958,margin_review,val,58,0.43103448275862066,0.5762962962962962,0.5689655172413793,0.7575757575757576,0.43103448275862066,12,13,-1,0.0,0.6,0.34210526315789475,0.957787,defect_flashover
classwise_defect_flashover_margin_switch_top2_t0.958,margin_switch_top2,train,182,0.8956043956043956,0.5669796869796869,1.0,0.8956043956043956,0.0,3,7,-4,0.054945054945054944,0.2,0.0,0.957787,defect_flashover
classwise_defect_flashover_margin_switch_top2_t0.958,margin_switch_top2,val,58,0.6206896551724138,0.5054062403459993,1.0,0.6206896551724138,0.0,11,13,-2,0.43103448275862066,0.55,0.0,0.957787,defect_flashover
classwise_insulator_ok_margin_review_t0.958,margin_review,train,182,0.3956043956043956,0.8777876895628903,0.42857142857142855,0.9230769230769231,0.5714285714285714,9,95,-86,0.0,0.6,0.5688622754491018,0.957787,insulator_ok
classwise_insulator_ok_margin_review_t0.958,margin_review,val,58,0.3448275862068966,0.5881414766863684,0.5689655172413793,0.6060606060606061,0.43103448275862066,7,18,-11,0.0,0.35,0.47368421052631576,0.957787,insulator_ok
classwise_insulator_ok_margin_switch_top2_t0.958,margin_switch_top2,train,182,0.43956043956043955,0.4196309354598539,1.0,0.43956043956043955,0.0,8,95,-87,0.5714285714285714,0.5333333333333333,0.0,0.957787,insulator_ok
classwise_insulator_ok_margin_switch_top2_t0.958,margin_switch_top2,val,58,0.46551724137931033,0.43694083694083696,1.0,0.46551724137931033,0.0,7,18,-11,0.43103448275862066,0.35,0.0,0.957787,insulator_ok
margin_review_t0.991,margin_review,train,182,0.11538461538461539,0.3333333333333333,0.11538461538461539,1.0,0.8846153846153846,15,146,-131,0.0,1.0,0.874251497005988,0.99103,
margin_review_t0.991,margin_review,val,58,0.05172413793103448,0.3333333333333333,0.05172413793103448,1.0,0.9482758620689655,20,35,-15,0.0,1.0,0.9210526315789473,0.99103,
margin_switch_top2_t0.991,margin_switch_top2,train,182,0.19230769230769232,0.15664877757901016,1.0,0.19230769230769232,0.0,14,146,-132,0.8846153846153846,0.9333333333333333,0.0,0.99103,
margin_switch_top2_t0.991,margin_switch_top2,val,58,0.3793103448275862,0.31752484191508584,1.0,0.3793103448275862,0.0,19,35,-16,0.9482758620689655,0.95,0.0,0.99103,
classwise_defect_broken_margin_review_t0.991,margin_review,train,182,0.8736263736263736,0.5745627337984026,0.9395604395604396,0.9298245614035088,0.06043956043956044,3,8,-5,0.0,0.2,0.04790419161676647,0.99103,defect_broken
classwise_defect_broken_margin_review_t0.991,margin_review,val,58,0.5862068965517241,0.42988072818581297,0.9137931034482759,0.6415094339622641,0.08620689655172414,1,4,-3,0.0,0.05,0.10526315789473684,0.99103,defect_broken
classwise_defect_broken_margin_switch_top2_t0.991,margin_switch_top2,train,182,0.8901098901098901,0.5468124833288877,1.0,0.8901098901098901,0.0,3,8,-5,0.06043956043956044,0.2,0.0,0.99103,defect_broken
classwise_defect_broken_margin_switch_top2_t0.991,margin_switch_top2,val,58,0.603448275862069,0.4182336182336182,1.0,0.603448275862069,0.0,1,4,-3,0.08620689655172414,0.05,0.0,0.99103,defect_broken
classwise_defect_flashover_margin_review_t0.991,margin_review,train,182,0.8736263736263736,0.5257226849583537,0.9395604395604396,0.9298245614035088,0.06043956043956044,3,8,-5,0.0,0.2,0.04790419161676647,0.99103,defect_flashover
classwise_defect_flashover_margin_review_t0.991,margin_review,val,58,0.43103448275862066,0.5762962962962962,0.5689655172413793,0.7575757575757576,0.43103448275862066,12,13,-1,0.0,0.6,0.34210526315789475,0.99103,defect_flashover
classwise_defect_flashover_margin_switch_top2_t0.991,margin_switch_top2,train,182,0.8901098901098901,0.49980548187444745,1.0,0.8901098901098901,0.0,3,8,-5,0.06043956043956044,0.2,0.0,0.99103,defect_flashover
classwise_defect_flashover_margin_switch_top2_t0.991,margin_switch_top2,val,58,0.6206896551724138,0.5054062403459993,1.0,0.6206896551724138,0.0,11,13,-2,0.43103448275862066,0.55,0.0,0.99103,defect_flashover
classwise_insulator_ok_margin_review_t0.991,margin_review,train,182,0.2032967032967033,0.8530701754385964,0.23626373626373626,0.8604651162790697,0.7637362637362637,9,130,-121,0.0,0.6,0.7784431137724551,0.99103,insulator_ok
classwise_insulator_ok_margin_review_t0.991,margin_review,val,58,0.3448275862068966,0.5881414766863684,0.5689655172413793,0.6060606060606061,0.43103448275862066,7,18,-11,0.0,0.35,0.47368421052631576,0.99103,insulator_ok
classwise_insulator_ok_margin_switch_top2_t0.991,margin_switch_top2,train,182,0.24725274725274726,0.2828326278432311,1.0,0.24725274725274726,0.0,8,130,-122,0.7637362637362637,0.5333333333333333,0.0,0.99103,insulator_ok
classwise_insulator_ok_margin_switch_top2_t0.991,margin_switch_top2,val,58,0.46551724137931033,0.43694083694083696,1.0,0.46551724137931033,0.0,7,18,-11,0.43103448275862066,0.35,0.0,0.99103,insulator_ok
margin_review_t1.000,margin_review,train,182,0.0,0.0,0.0,0.0,1.0,15,167,-152,0.0,1.0,1.0,1.0,
margin_review_t1.000,margin_review,val,58,0.0,0.0,0.0,0.0,1.0,20,38,-18,0.0,1.0,1.0,1.0,
margin_switch_top2_t1.000,margin_switch_top2,train,182,0.07692307692307693,0.07761503863452889,1.0,0.07692307692307693,0.0,14,167,-153,1.0,0.9333333333333333,0.0,1.0,
margin_switch_top2_t1.000,margin_switch_top2,val,58,0.3275862068965517,0.2804878048780488,1.0,0.3275862068965517,0.0,19,38,-19,1.0,0.95,0.0,1.0,
classwise_defect_broken_margin_review_t1.000,margin_review,train,182,0.8736263736263736,0.5745627337984026,0.9395604395604396,0.9298245614035088,0.06043956043956044,3,8,-5,0.0,0.2,0.04790419161676647,1.0,defect_broken
classwise_defect_broken_margin_review_t1.000,margin_review,val,58,0.5862068965517241,0.42988072818581297,0.9137931034482759,0.6415094339622641,0.08620689655172414,1,4,-3,0.0,0.05,0.10526315789473684,1.0,defect_broken
classwise_defect_broken_margin_switch_top2_t1.000,margin_switch_top2,train,182,0.8901098901098901,0.5468124833288877,1.0,0.8901098901098901,0.0,3,8,-5,0.06043956043956044,0.2,0.0,1.0,defect_broken
classwise_defect_broken_margin_switch_top2_t1.000,margin_switch_top2,val,58,0.603448275862069,0.4182336182336182,1.0,0.603448275862069,0.0,1,4,-3,0.08620689655172414,0.05,0.0,1.0,defect_broken
classwise_defect_flashover_margin_review_t1.000,margin_review,train,182,0.8736263736263736,0.5257226849583537,0.9395604395604396,0.9298245614035088,0.06043956043956044,3,8,-5,0.0,0.2,0.04790419161676647,1.0,defect_flashover
classwise_defect_flashover_margin_review_t1.000,margin_review,val,58,0.43103448275862066,0.5762962962962962,0.5689655172413793,0.7575757575757576,0.43103448275862066,12,13,-1,0.0,0.6,0.34210526315789475,1.0,defect_flashover
classwise_defect_flashover_margin_switch_top2_t1.000,margin_switch_top2,train,182,0.8901098901098901,0.49980548187444745,1.0,0.8901098901098901,0.0,3,8,-5,0.06043956043956044,0.2,0.0,1.0,defect_flashover
classwise_defect_flashover_margin_switch_top2_t1.000,margin_switch_top2,val,58,0.6206896551724138,0.5054062403459993,1.0,0.6206896551724138,0.0,11,13,-2,0.43103448275862066,0.55,0.0,1.0,defect_flashover
classwise_insulator_ok_margin_review_t1.000,margin_review,train,182,0.08791208791208792,0.5614035087719298,0.12087912087912088,0.7272727272727273,0.8791208791208791,9,151,-142,0.0,0.6,0.9041916167664671,1.0,insulator_ok
classwise_insulator_ok_margin_review_t1.000,margin_review,val,58,0.29310344827586204,0.47049441786283897,0.5172413793103449,0.5666666666666667,0.4827586206896552,7,21,-14,0.0,0.35,0.5526315789473685,1.0,insulator_ok
classwise_insulator_ok_margin_switch_top2_t1.000,margin_switch_top2,train,182,0.13186813186813187,0.1732165581256082,1.0,0.13186813186813187,0.0,8,151,-143,0.8791208791208791,0.5333333333333333,0.0,1.0,insulator_ok
classwise_insulator_ok_margin_switch_top2_t1.000,margin_switch_top2,val,58,0.41379310344827586,0.3501683501683502,1.0,0.41379310344827586,0.0,7,21,-14,0.4827586206896552,0.35,0.0,1.0,insulator_ok
random_review_r0.050,random_review,train,182,0.8681318681318682,0.7757073844030365,0.9505494505494505,0.9132947976878613,0.04945054945054945,0,9,-9,0.0,0.0,0.05389221556886228,0.05,
random_review_r0.050,random_review,val,58,0.6206896551724138,0.6583558115234137,0.9655172413793104,0.6428571428571429,0.034482758620689655,0,2,-2,0.0,0.0,0.05263157894736842,0.05,
random_switch_top2_r0.050,random_switch_top2,train,182,0.8681318681318682,0.6962481962481961,1.0,0.8681318681318682,0.0,0,9,-9,0.04945054945054945,0.0,0.0,0.05,
random_switch_top2_r0.050,random_switch_top2,val,58,0.6206896551724138,0.6424242424242425,1.0,0.6206896551724138,0.0,0,2,-2,0.034482758620689655,0.0,0.0,0.05,
random_review_r0.100,random_review,train,182,0.8351648351648352,0.7943191311612363,0.9065934065934066,0.9212121212121213,0.09340659340659341,2,15,-13,0.0,0.13333333333333333,0.08982035928143713,0.1,
random_review_r0.100,random_review,val,58,0.603448275862069,0.6632034632034632,0.9310344827586207,0.6481481481481481,0.06896551724137931,1,3,-2,0.0,0.05,0.07894736842105263,0.1,
random_switch_top2_r0.100,random_switch_top2,train,182,0.8461538461538461,0.674223127865512,1.0,0.8461538461538461,0.0,2,15,-13,0.09340659340659341,0.13333333333333333,0.0,0.1,
random_switch_top2_r0.100,random_switch_top2,val,58,0.6206896551724138,0.645212210142511,1.0,0.6206896551724138,0.0,1,3,-2,0.06896551724137931,0.05,0.0,0.1,
random_review_r0.150,random_review,train,182,0.7747252747252747,0.7830705981649378,0.8461538461538461,0.9155844155844156,0.15384615384615385,2,26,-24,0.0,0.13333333333333333,0.15568862275449102,0.15,
random_review_r0.150,random_review,val,58,0.5689655172413793,0.6448243114909782,0.8793103448275862,0.6470588235294118,0.1206896551724138,2,5,-3,0.0,0.1,0.13157894736842105,0.15,
random_switch_top2_r0.150,random_switch_top2,train,182,0.7857142857142857,0.6077077180603916,1.0,0.7857142857142857,0.0,2,26,-24,0.15384615384615385,0.13333333333333333,0.0,0.15,
random_switch_top2_r0.150,random_switch_top2,val,58,0.603448275862069,0.5963570127504553,1.0,0.603448275862069,0.0,2,5,-3,0.1206896551724138,0.1,0.0,0.15,
random_review_r0.200,random_review,train,182,0.7252747252747253,0.7838709677419354,0.7912087912087912,0.9166666666666666,0.2087912087912088,3,35,-32,0.0,0.2,0.20958083832335328,0.2,
random_review_r0.200,random_review,val,58,0.5,0.6203174603174603,0.8103448275862069,0.6170212765957447,0.1896551724137931,2,9,-7,0.0,0.1,0.23684210526315788,0.2,
random_switch_top2_r0.200,random_switch_top2,train,182,0.7417582417582418,0.5691331824184117,1.0,0.7417582417582418,0.0,3,35,-32,0.2087912087912088,0.2,0.0,0.2,
random_switch_top2_r0.200,random_switch_top2,val,58,0.5344827586206896,0.5448694596235579,1.0,0.5344827586206896,0.0,2,9,-7,0.1896551724137931,0.1,0.0,0.2,
random_review_r0.300,random_review,train,182,0.6538461538461539,0.7631578947368421,0.7087912087912088,0.9224806201550387,0.29120879120879123,5,48,-43,0.0,0.3333333333333333,0.2874251497005988,0.3,
random_review_r0.300,random_review,val,58,0.4827586206896552,0.6303763440860215,0.7586206896551724,0.6363636363636364,0.2413793103448276,4,10,-6,0.0,0.2,0.2631578947368421,0.3,
random_switch_top2_r0.300,random_switch_top2,train,182,0.6813186813186813,0.5020750801735522,1.0,0.6813186813186813,0.0,5,48,-43,0.29120879120879123,0.3333333333333333,0.0,0.3,
random_switch_top2_r0.300,random_switch_top2,val,58,0.5517241379310345,0.5594202898550725,1.0,0.5517241379310345,0.0,4,10,-6,0.2413793103448276,0.2,0.0,0.3,
random_review_r0.400,random_review,train,182,0.5714285714285714,0.7414848832759281,0.6208791208791209,0.9203539823008849,0.3791208791208791,6,63,-57,0.0,0.4,0.3772455089820359,0.4,
random_review_r0.400,random_review,val,58,0.39655172413793105,0.576880483857228,0.6551724137931034,0.6052631578947368,0.3448275862068966,5,15,-10,0.0,0.25,0.39473684210526316,0.4,
random_switch_top2_r0.400,random_switch_top2,train,182,0.6043956043956044,0.43772895820522856,1.0,0.6043956043956044,0.0,6,63,-57,0.3791208791208791,0.4,0.0,0.4,
random_switch_top2_r0.400,random_switch_top2,val,58,0.4827586206896552,0.4642771804062127,1.0,0.4827586206896552,0.0,5,15,-10,0.3448275862068966,0.25,0.0,0.4,
random_review_r0.500,random_review,train,182,0.43956043956043955,0.7202797202797203,0.4835164835164835,0.9090909090909091,0.5164835164835165,7,87,-80,0.0,0.4666666666666667,0.5209580838323353,0.5,
random_review_r0.500,random_review,val,58,0.3448275862068966,0.44272844272844275,0.5172413793103449,0.6666666666666666,0.4827586206896552,10,18,-8,0.0,0.5,0.47368421052631576,0.5,
random_switch_top2_r0.500,random_switch_top2,train,182,0.47802197802197804,0.3437759011650637,1.0,0.47802197802197804,0.0,7,87,-80,0.5164835164835165,0.4666666666666667,0.0,0.5,
random_switch_top2_r0.500,random_switch_top2,val,58,0.5,0.350462962962963,1.0,0.5,0.0,9,18,-9,0.4827586206896552,0.45,0.0,0.5,
