method,budget,n,review_count,review_rate,accept_count,accept_rate,accepted_accuracy,n_false_alarm,false_alarm_reviewed,false_alarm_capture_rate,false_alarm_remaining,false_alarm_remaining_rate,false_alarm_review_yield,n_true_flashover,true_flashover_accepted,true_flashover_accept_rate,true_flashover_reviewed,true_flashover_review_rate,true_flashover_retention,helped,hurt,net_gain,helped_per_review
margin_rank,0.0500,36.0,2.0,0.05555555555555555,34.0,0.9444444444444444,0.5882352941176471,13.0,1.0,0.07692307692307693,12.0,0.9230769230769231,0.5,21.0,20.0,0.9523809523809523,1.0,0.047619047619047616,0.9523809523809523,1.0,1.0,0.0,0.5
vlm_binary_rank,0.0500,36.0,2.0,0.05555555555555555,34.0,0.9444444444444444,0.6176470588235294,13.0,2.0,0.15384615384615385,11.0,0.8461538461538461,1.0,21.0,21.0,1.0,0.0,0.0,1.0,2.0,0.0,2.0,1.0
vlm_plus_margin_rank,0.0500,36.0,2.0,0.05555555555555555,34.0,0.9444444444444444,0.6176470588235294,13.0,2.0,0.15384615384615385,11.0,0.8461538461538461,1.0,21.0,21.0,1.0,0.0,0.0,1.0,2.0,0.0,2.0,1.0
margin_plus_vlm_rank,0.0500,36.0,2.0,0.05555555555555555,34.0,0.9444444444444444,0.5882352941176471,13.0,1.0,0.07692307692307693,12.0,0.9230769230769231,0.5,21.0,20.0,0.9523809523809523,1.0,0.047619047619047616,0.9523809523809523,1.0,1.0,0.0,0.5
review_all_flashover,0.0500,36.0,36.0,1.0,0.0,0.0,0.0,13.0,13.0,1.0,0.0,0.0,0.3611111111111111,21.0,0.0,0.0,21.0,1.0,0.0,13.0,21.0,-8.0,0.3611111111111111
random_baseline_same_budget,0.0500,36.0,2.0,0.05555555555555557,34.0,0.9444444444444445,0.5858823529411764,13.0,0.795,0.06115384615384615,12.205,0.9388461538461539,0.3975,21.0,19.92,0.9485714285714286,1.08,0.05142857142857142,0.9485714285714286,0.795,1.08,-0.285,0.3975
margin_rank,0.1000,36.0,4.0,0.1111111111111111,32.0,0.8888888888888888,0.5625,13.0,1.0,0.07692307692307693,12.0,0.9230769230769231,0.25,21.0,18.0,0.8571428571428571,3.0,0.14285714285714285,0.8571428571428571,1.0,3.0,-2.0,0.25
vlm_binary_rank,0.1000,36.0,4.0,0.1111111111111111,32.0,0.8888888888888888,0.625,13.0,3.0,0.23076923076923078,10.0,0.7692307692307693,0.75,21.0,20.0,0.9523809523809523,1.0,0.047619047619047616,0.9523809523809523,3.0,1.0,2.0,0.75
vlm_plus_margin_rank,0.1000,36.0,4.0,0.1111111111111111,32.0,0.8888888888888888,0.625,13.0,3.0,0.23076923076923078,10.0,0.7692307692307693,0.75,21.0,20.0,0.9523809523809523,1.0,0.047619047619047616,0.9523809523809523,3.0,1.0,2.0,0.75
margin_plus_vlm_rank,0.1000,36.0,4.0,0.1111111111111111,32.0,0.8888888888888888,0.5625,13.0,1.0,0.07692307692307693,12.0,0.9230769230769231,0.25,21.0,18.0,0.8571428571428571,3.0,0.14285714285714285,0.8571428571428571,1.0,3.0,-2.0,0.25
review_all_flashover,0.1000,36.0,36.0,1.0,0.0,0.0,0.0,13.0,13.0,1.0,0.0,0.0,0.3611111111111111,21.0,0.0,0.0,21.0,1.0,0.0,13.0,21.0,-8.0,0.3611111111111111
random_baseline_same_budget,0.1000,36.0,4.0,0.11111111111111115,32.0,0.8888888888888892,0.585,13.0,1.54,0.11846153846153847,11.46,0.8815384615384616,0.385,21.0,18.72,0.8914285714285716,2.28,0.10857142857142855,0.8914285714285716,1.54,2.28,-0.74,0.385
margin_rank,0.1111,36.0,4.0,0.1111111111111111,32.0,0.8888888888888888,0.5625,13.0,1.0,0.07692307692307693,12.0,0.9230769230769231,0.25,21.0,18.0,0.8571428571428571,3.0,0.14285714285714285,0.8571428571428571,1.0,3.0,-2.0,0.25
vlm_binary_rank,0.1111,36.0,4.0,0.1111111111111111,32.0,0.8888888888888888,0.625,13.0,3.0,0.23076923076923078,10.0,0.7692307692307693,0.75,21.0,20.0,0.9523809523809523,1.0,0.047619047619047616,0.9523809523809523,3.0,1.0,2.0,0.75
vlm_plus_margin_rank,0.1111,36.0,4.0,0.1111111111111111,32.0,0.8888888888888888,0.625,13.0,3.0,0.23076923076923078,10.0,0.7692307692307693,0.75,21.0,20.0,0.9523809523809523,1.0,0.047619047619047616,0.9523809523809523,3.0,1.0,2.0,0.75
margin_plus_vlm_rank,0.1111,36.0,4.0,0.1111111111111111,32.0,0.8888888888888888,0.5625,13.0,1.0,0.07692307692307693,12.0,0.9230769230769231,0.25,21.0,18.0,0.8571428571428571,3.0,0.14285714285714285,0.8571428571428571,1.0,3.0,-2.0,0.25
review_all_flashover,0.1111,36.0,36.0,1.0,0.0,0.0,0.0,13.0,13.0,1.0,0.0,0.0,0.3611111111111111,21.0,0.0,0.0,21.0,1.0,0.0,13.0,21.0,-8.0,0.3611111111111111
random_baseline_same_budget,0.1111,36.0,4.0,0.11111111111111115,32.0,0.8888888888888892,0.585,13.0,1.54,0.11846153846153847,11.46,0.8815384615384616,0.385,21.0,18.72,0.8914285714285716,2.28,0.10857142857142855,0.8914285714285716,1.54,2.28,-0.74,0.385
margin_rank,0.1500,36.0,5.0,0.1388888888888889,31.0,0.8611111111111112,0.5806451612903226,13.0,2.0,0.15384615384615385,11.0,0.8461538461538461,0.4,21.0,18.0,0.8571428571428571,3.0,0.14285714285714285,0.8571428571428571,2.0,3.0,-1.0,0.4
vlm_binary_rank,0.1500,36.0,5.0,0.1388888888888889,31.0,0.8611111111111112,0.6129032258064516,13.0,3.0,0.23076923076923078,10.0,0.7692307692307693,0.6,21.0,19.0,0.9047619047619048,2.0,0.09523809523809523,0.9047619047619048,3.0,2.0,1.0,0.6
vlm_plus_margin_rank,0.1500,36.0,5.0,0.1388888888888889,31.0,0.8611111111111112,0.6129032258064516,13.0,3.0,0.23076923076923078,10.0,0.7692307692307693,0.6,21.0,19.0,0.9047619047619048,2.0,0.09523809523809523,0.9047619047619048,3.0,2.0,1.0,0.6
margin_plus_vlm_rank,0.1500,36.0,5.0,0.1388888888888889,31.0,0.8611111111111112,0.5806451612903226,13.0,2.0,0.15384615384615385,11.0,0.8461538461538461,0.4,21.0,18.0,0.8571428571428571,3.0,0.14285714285714285,0.8571428571428571,2.0,3.0,-1.0,0.4
review_all_flashover,0.1500,36.0,36.0,1.0,0.0,0.0,0.0,13.0,13.0,1.0,0.0,0.0,0.3611111111111111,21.0,0.0,0.0,21.0,1.0,0.0,13.0,21.0,-8.0,0.3611111111111111
random_baseline_same_budget,0.1500,36.0,5.0,0.13888888888888887,31.0,0.8611111111111108,0.5861290322580647,13.0,1.92,0.1476923076923077,11.08,0.8523076923076925,0.38400000000000006,21.0,18.17,0.8652380952380954,2.83,0.13476190476190475,0.8652380952380954,1.92,2.83,-0.91,0.38400000000000006
margin_rank,0.2000,36.0,7.0,0.19444444444444445,29.0,0.8055555555555556,0.5862068965517241,13.0,3.0,0.23076923076923078,10.0,0.7692307692307693,0.42857142857142855,21.0,17.0,0.8095238095238095,4.0,0.19047619047619047,0.8095238095238095,3.0,4.0,-1.0,0.42857142857142855
vlm_binary_rank,0.2000,36.0,7.0,0.19444444444444445,29.0,0.8055555555555556,0.6206896551724138,13.0,4.0,0.3076923076923077,9.0,0.6923076923076923,0.5714285714285714,21.0,18.0,0.8571428571428571,3.0,0.14285714285714285,0.8571428571428571,4.0,3.0,1.0,0.5714285714285714
vlm_plus_margin_rank,0.2000,36.0,7.0,0.19444444444444445,29.0,0.8055555555555556,0.6206896551724138,13.0,4.0,0.3076923076923077,9.0,0.6923076923076923,0.5714285714285714,21.0,18.0,0.8571428571428571,3.0,0.14285714285714285,0.8571428571428571,4.0,3.0,1.0,0.5714285714285714
margin_plus_vlm_rank,0.2000,36.0,7.0,0.19444444444444445,29.0,0.8055555555555556,0.5862068965517241,13.0,3.0,0.23076923076923078,10.0,0.7692307692307693,0.42857142857142855,21.0,17.0,0.8095238095238095,4.0,0.19047619047619047,0.8095238095238095,3.0,4.0,-1.0,0.42857142857142855
review_all_flashover,0.2000,36.0,36.0,1.0,0.0,0.0,0.0,13.0,13.0,1.0,0.0,0.0,0.3611111111111111,21.0,0.0,0.0,21.0,1.0,0.0,13.0,21.0,-8.0,0.3611111111111111
random_baseline_same_budget,0.2000,36.0,7.0,0.19444444444444448,29.0,0.8055555555555555,0.5872413793103448,13.0,2.685,0.20653846153846156,10.315,0.7934615384615384,0.38357142857142856,21.0,17.03,0.810952380952381,3.97,0.18904761904761905,0.810952380952381,2.685,3.97,-1.285,0.38357142857142856
margin_rank,0.3000,36.0,11.0,0.3055555555555556,25.0,0.6944444444444444,0.64,13.0,6.0,0.46153846153846156,7.0,0.5384615384615384,0.5454545454545454,21.0,16.0,0.7619047619047619,5.0,0.23809523809523808,0.7619047619047619,6.0,5.0,1.0,0.5454545454545454
vlm_binary_rank,0.3000,36.0,11.0,0.3055555555555556,25.0,0.6944444444444444,0.64,13.0,6.0,0.46153846153846156,7.0,0.5384615384615384,0.5454545454545454,21.0,16.0,0.7619047619047619,5.0,0.23809523809523808,0.7619047619047619,6.0,5.0,1.0,0.5454545454545454
vlm_plus_margin_rank,0.3000,36.0,11.0,0.3055555555555556,25.0,0.6944444444444444,0.64,13.0,6.0,0.46153846153846156,7.0,0.5384615384615384,0.5454545454545454,21.0,16.0,0.7619047619047619,5.0,0.23809523809523808,0.7619047619047619,6.0,5.0,1.0,0.5454545454545454
margin_plus_vlm_rank,0.3000,36.0,11.0,0.3055555555555556,25.0,0.6944444444444444,0.64,13.0,6.0,0.46153846153846156,7.0,0.5384615384615384,0.5454545454545454,21.0,16.0,0.7619047619047619,5.0,0.23809523809523808,0.7619047619047619,6.0,5.0,1.0,0.5454545454545454
review_all_flashover,0.3000,36.0,36.0,1.0,0.0,0.0,0.0,13.0,13.0,1.0,0.0,0.0,0.3611111111111111,21.0,0.0,0.0,21.0,1.0,0.0,13.0,21.0,-8.0,0.3611111111111111
random_baseline_same_budget,0.3000,36.0,11.0,0.3055555555555555,25.0,0.6944444444444445,0.5936,13.0,4.25,0.3269230769230769,8.75,0.673076923076923,0.38636363636363635,21.0,14.84,0.7066666666666666,6.16,0.29333333333333333,0.7066666666666666,4.25,6.16,-1.91,0.38636363636363635
margin_rank,0.4000,36.0,14.0,0.3888888888888889,22.0,0.6111111111111112,0.7272727272727273,13.0,9.0,0.6923076923076923,4.0,0.3076923076923077,0.6428571428571429,21.0,16.0,0.7619047619047619,5.0,0.23809523809523808,0.7619047619047619,9.0,5.0,4.0,0.6428571428571429
vlm_binary_rank,0.4000,36.0,14.0,0.3888888888888889,22.0,0.6111111111111112,0.6818181818181818,13.0,8.0,0.6153846153846154,5.0,0.38461538461538464,0.5714285714285714,21.0,15.0,0.7142857142857143,6.0,0.2857142857142857,0.7142857142857143,8.0,6.0,2.0,0.5714285714285714
vlm_plus_margin_rank,0.4000,36.0,14.0,0.3888888888888889,22.0,0.6111111111111112,0.6818181818181818,13.0,8.0,0.6153846153846154,5.0,0.38461538461538464,0.5714285714285714,21.0,15.0,0.7142857142857143,6.0,0.2857142857142857,0.7142857142857143,8.0,6.0,2.0,0.5714285714285714
margin_plus_vlm_rank,0.4000,36.0,14.0,0.3888888888888889,22.0,0.6111111111111112,0.7272727272727273,13.0,9.0,0.6923076923076923,4.0,0.3076923076923077,0.6428571428571429,21.0,16.0,0.7619047619047619,5.0,0.23809523809523808,0.7619047619047619,9.0,5.0,4.0,0.6428571428571429
review_all_flashover,0.4000,36.0,36.0,1.0,0.0,0.0,0.0,13.0,13.0,1.0,0.0,0.0,0.3611111111111111,21.0,0.0,0.0,21.0,1.0,0.0,13.0,21.0,-8.0,0.3611111111111111
random_baseline_same_budget,0.4000,36.0,14.0,0.38888888888888895,22.0,0.611111111111111,0.5920454545454545,13.0,5.27,0.4053846153846154,7.73,0.5946153846153847,0.3764285714285714,21.0,13.025,0.6202380952380951,7.975,0.37976190476190474,0.6202380952380951,5.27,7.975,-2.705,0.3764285714285714
margin_rank,0.5000,36.0,18.0,0.5,18.0,0.5,0.7777777777777778,13.0,11.0,0.8461538461538461,2.0,0.15384615384615385,0.6111111111111112,21.0,14.0,0.6666666666666666,7.0,0.3333333333333333,0.6666666666666666,11.0,7.0,4.0,0.6111111111111112
vlm_binary_rank,0.5000,36.0,18.0,0.5,18.0,0.5,0.7777777777777778,13.0,11.0,0.8461538461538461,2.0,0.15384615384615385,0.6111111111111112,21.0,14.0,0.6666666666666666,7.0,0.3333333333333333,0.6666666666666666,11.0,7.0,4.0,0.6111111111111112
vlm_plus_margin_rank,0.5000,36.0,18.0,0.5,18.0,0.5,0.7777777777777778,13.0,11.0,0.8461538461538461,2.0,0.15384615384615385,0.6111111111111112,21.0,14.0,0.6666666666666666,7.0,0.3333333333333333,0.6666666666666666,11.0,7.0,4.0,0.6111111111111112
margin_plus_vlm_rank,0.5000,36.0,18.0,0.5,18.0,0.5,0.7777777777777778,13.0,11.0,0.8461538461538461,2.0,0.15384615384615385,0.6111111111111112,21.0,14.0,0.6666666666666666,7.0,0.3333333333333333,0.6666666666666666,11.0,7.0,4.0,0.6111111111111112
review_all_flashover,0.5000,36.0,36.0,1.0,0.0,0.0,0.0,13.0,13.0,1.0,0.0,0.0,0.3611111111111111,21.0,0.0,0.0,21.0,1.0,0.0,13.0,21.0,-8.0,0.3611111111111111
random_baseline_same_budget,0.5000,36.0,18.0,0.5,18.0,0.5,0.5952777777777778,13.0,6.72,0.5169230769230769,6.28,0.48307692307692307,0.37333333333333335,21.0,10.715,0.5102380952380952,10.285,0.48976190476190473,0.5102380952380952,6.72,10.285,-3.565,0.37333333333333335
margin_rank,0.6000,36.0,22.0,0.6111111111111112,14.0,0.3888888888888889,0.7857142857142857,13.0,12.0,0.9230769230769231,1.0,0.07692307692307693,0.5454545454545454,21.0,11.0,0.5238095238095238,10.0,0.47619047619047616,0.5238095238095238,12.0,10.0,2.0,0.5454545454545454
vlm_binary_rank,0.6000,36.0,22.0,0.6111111111111112,14.0,0.3888888888888889,0.7857142857142857,13.0,12.0,0.9230769230769231,1.0,0.07692307692307693,0.5454545454545454,21.0,11.0,0.5238095238095238,10.0,0.47619047619047616,0.5238095238095238,12.0,10.0,2.0,0.5454545454545454
vlm_plus_margin_rank,0.6000,36.0,22.0,0.6111111111111112,14.0,0.3888888888888889,0.7857142857142857,13.0,12.0,0.9230769230769231,1.0,0.07692307692307693,0.5454545454545454,21.0,11.0,0.5238095238095238,10.0,0.47619047619047616,0.5238095238095238,12.0,10.0,2.0,0.5454545454545454
margin_plus_vlm_rank,0.6000,36.0,22.0,0.6111111111111112,14.0,0.3888888888888889,0.7857142857142857,13.0,12.0,0.9230769230769231,1.0,0.07692307692307693,0.5454545454545454,21.0,11.0,0.5238095238095238,10.0,0.47619047619047616,0.5238095238095238,12.0,10.0,2.0,0.5454545454545454
review_all_flashover,0.6000,36.0,36.0,1.0,0.0,0.0,0.0,13.0,13.0,1.0,0.0,0.0,0.3611111111111111,21.0,0.0,0.0,21.0,1.0,0.0,13.0,21.0,-8.0,0.3611111111111111
random_baseline_same_budget,0.6000,36.0,22.0,0.611111111111111,14.0,0.38888888888888895,0.592857142857143,13.0,8.095,0.6226923076923078,4.905,0.37730769230769234,0.3679545454545455,21.0,8.3,0.3952380952380953,12.7,0.6047619047619047,0.3952380952380953,8.095,12.7,-4.605,0.3679545454545455
